X,Y
498,255
651,-300
-246,-331
932,-55
-421,-370
385,412
-72,-419
472,-831
743,-944
939,-138
61,414
356,-177
721,-330
503,-74
665,-934
-354,-630
263,216
640,189
554,922
-255,-299
-99,489
409,-961
404,33
-658,572
-453,263
478,466
680,-664
-626,901
571,-303
-859,163
635,354
802,-692
-558,-272
192,-95
-755,102
123,268
-821,874
623,202
-490,523
198,342
-682,815
808,575
-168,-129
-197,-12
-606,-367
-976,-378
-658,-938
-498,-413
295,-911
-997,-90
-580,500
240,767
262,-250
284,-65
277,-844
854,617
-415,830
778,-705
-802,645
-199,-666
342,930
738,190
-4,-288
53,-133
754,604
-477,-794
802,-347
586,-657
-95,748
999,-428
478,736
-725,-749
-703,339
682,-816
77,-371
-31,-403
-251,973
153,-48
-732,-291
-117,139
-595,-222
-447,-223
795,727
634,-222
-841,-813
860,-990
566,964
407,794
365,-207
-114,-780
-403,82
310,152
148,496
-304,-430
-770,-997
-441,196
-462,-618
376,-992
-607,694
822,-928
-755,-499
-894,-15
-968,-134
-554,-430
-201,-800
844,878
594,-490
-460,70
383,175
-524,253
-986,-277
325,-142
-449,473
582,-754
256,-867
-954,-575
404,896
874,767
-379,-614
20,775
-791,119
-461,289
-282,-102
662,-788
311,696
875,159
-384,-600
849,-775
-614,804
-151,-970
-894,-269
591,990
-689,-232
104,131
963,502
-360,-316
405,582
901,745
-611,620
517,113
-758,285
313,816
-360,223
376,-957
136,821
-684,-9
-192,851
167,455
-902,77
-218,-802
-766,-473
-7,891
-565,144
-318,805
10,724
-291,870
-898,613
30,-173
588,-418
626,419
364,-589
-550,185
731,-692
-299,790
-82,-673
-274,298
612,-153
976,603
-939,-426
-927,782
812,-713
-437,401
333,-249
495,835
-587,-864
927,973
-56,587
448,-612
-698,-261
71,23
-302,472
754,-561
-560,-9
59,795
-872,31
-820,-843
276,-202
-81,-830
-675,-210
-201,-125
943,-570
-645,-44
-200,61
539,846
-583,413
825,452
902,726
733,858
-444,-157
-533,131
123,714
-980,-342
-329,176
-239,521
60,-443
-160,-339
-879,956
-960,19
432,-83
743,-272
508,198
39,22
253,-375
726,248
424,577
-860,-457
-752,621
362,120
-716,246
563,768
869,344
-303,-77
-237,-432
64,-264
-539,-917
251,-712
-580,502
770,232
35,-820
-216,728
-212,162
306,-956
-618,415
461,-821
986,681
346,760
280,-216
905,607
-840,545
-878,-674
76,775
949,599
-242,584
-102,-690
648,-963
-799,778
54,-412
-948,-995
344,-22
210,-675
-42,-121
-232,898
833,-222
611,596
-788,-88
-248,385
951,974
710,641
740,760
262,-825
-344,-169
30,862
-376,455
589,281
753,-844
432,65
895,623
-676,975
-356,-419
-975,-453
-940,-141
-366,291
-808,284
-449,753
-549,834
461,834
-205,-738
-872,-930
900,146
114,-33
174,613
-306,737
-35,-873
-329,640
504,850
50,-897
-869,-41
-246,602
-868,960
988,542
621,-975
844,-904
-332,-545
-823,428
-420,423
-463,-360
485,617
-329,-436
-6,20
-125,-380
-856,-589
-966,17
98,705
-25,-306
-422,671
915,355
-167,-658
832,313
-411,797
-963,653
275,163
88,505
-536,510
-191,-129
-164,-110
506,199
-754,377
-516,-516
63,-720
-801,-749
241,-219
-714,-854
427,3
176,-633
142,-869
-16,493
13,77
-211,-812
671,-565
-984,-305
933,-128
-437,515
491,19
-423,-757
960,38
-916,422
-62,183
-838,-428
333,620
-280,-329
403,856
338,327
619,728
518,148
579,742
-228,-916
593,-883
914,778
-714,705
-670,-237
547,-617
392,912
860,290
-293,-679
804,200
-169,712
-73,-711
-887,-676
-841,-412
933,-231
-312,-111
7,-577
-229,-636
102,246
-306,103
-368,-213
-327,-906
-794,667
151,58
-565,-159
630,-764
-677,75
217,728
-491,242
-406,9
-955,716
902,-891
867,21
50,-332
-299,576
-768,135
-756,120
158,-588
649,-595
217,436
574,-592
-69,-236
45,-643
761,-154
-884,159
723,-378
-792,-661
345,827
172,773
-960,-865
902,998
-9,945
218,-515
776,661
665,514
-898,350
447,-793
626,-972
-86,-337
217,342
394,-238
-916,81
155,930
927,-13
-411,-148
-88,-47
972,-633
899,768
591,407
148,645
-261,971
-72,666
590,773
545,-948
487,-422
257,424
522,721
596,-660
444,-255
860,399
161,200
786,615
734,-581
-630,923
855,-610
354,382
-378,-267
-221,-605
-435,990
76,249
-548,-493
180,-541
126,234
129,208
-46,-879
-228,78
-420,782
195,790
506,-292
983,-661
569,-379
680,357
24,691
448,-293
-959,-610
904,239
136,-382
-831,-820
-870,-77
211,805
4,34
-434,-671
-288,-52
989,866
897,-407
-80,133
613,862
744,-567
-573,-121
590,775
-907,925
-142,-920
818,968
-479,382
125,173
315,-79
-882,787
108,-783
435,-971
571,-646
-937,745
-284,604
466,112
-861,-466
-352,13
983,30
-415,-617
-814,130
-156,-162
-949,357
234,60
866,474
870,828
-768,946
-323,-993
707,-526
-989,-78
-420,-487
985,-618
-971,709
466,-838
127,39
-353,63
130,-169
-950,244
-93,-29
478,511
-493,167
-918,-316
-762,-509
-273,461
-903,-834
-298,-278
850,788
-800,66
860,-334
845,711
586,745
-669,-316
995,-243
941,919
893,156
473,200
418,-637
683,-721
-860,-368
-411,303
-636,-240
168,-578
-903,-284
-683,612
727,26
-560,-167
-324,478
160,-744
-335,560
649,-122
-573,894
-16,-492
-702,-823
504,-981
-1,771
-419,980
157,741
-983,282
143,799
-14,-352
366,104
-326,135
261,557
-791,847
587,51
-268,-645
-199,-280
-358,-936
266,329
957,-542
-118,756
-103,234
120,-863
-716,-80
834,-670
642,248
749,-264
-350,-219
777,648
-286,-631
-916,-508
-69,648
-713,746
-902,645
620,917
863,-332
231,50
313,-583
29,-209
-459,-338
-741,-681
-438,63
-433,-420
137,-398
765,430
-54,-279
880,924
519,-664
231,-34
-847,477
990,-722
901,-975
-651,954
22,-835
-314,537
-255,787
-258,454
823,-461
-310,578
151,134
140,-41
-313,902
-64,206
-659,-351
-282,1000
798,751
120,-217
319,-880
166,540
-445,619
204,404
800,-640
703,-989
-778,-313
620,-350
-90,-65
735,-708
885,421
295,-281
-753,244
-227,487
517,-858
336,263
-716,-203
-489,-305
87,537
102,93
109,356
896,262
44,228
-676,-587
-459,-958
-194,-10
635,-937
-795,-440
682,742
-347,91
-183,-630
528,-179
-1000,959
109,-911
-254,17
907,-583
-320,-39
-758,-597
961,218
-271,-541
-174,-524
827,417
-708,312
905,20
879,232
96,662
-687,883
-735,575
312,660
-717,-780
-349,-537
324,833
971,18
77,402
148,965
-647,20
-762,513
-424,-945
835,-350
-776,-716
562,635
-931,-791
961,-822
-392,-320
209,-354
-506,-494
88,-732
162,-20
632,-763
-682,-479
727,-235
250,452
979,-575
863,227
-181,-599
694,-925
-451,101
-168,839
826,-455
-922,312
621,455
-925,477
540,-464
-989,-448
-734,-355
384,123
551,59
-743,-352
37,484
219,547
9,329
683,400
129,-721
10,-553
754,719
573,312
401,-786
-285,328
878,859
-160,742
386,-558
-956,771
769,774
255,-241
-163,68
-335,81
172,-442
-186,14
-315,-620
-258,-227
240,343
822,79
-197,-103
-452,59
-188,289
-719,-888
-44,384
-453,-436
560,308
405,79
855,-237
993,-519
-693,60
196,290
119,740
575,-156
-700,-328
-840,276
60,-906
-713,663
-849,-963
195,382
-791,893
883,855
-720,124
539,-744
-623,809
812,7
-844,866
754,938
966,383
-630,396
-602,536
837,-10
246,743
589,-162
-156,891
783,-143
91,-883
53,-145
186,-937
-817,-322
169,-724
-402,221
-325,380
-330,-221
789,99
626,751
-702,787
218,-189
890,-874
457,-715
179,6
-531,-252
-666,36
644,849
805,909
-779,185
-576,947
-172,-281
169,-826
-775,-491
-179,468
-641,-534
103,663
-966,973
-293,951
-257,-284
999,762
-952,17
-63,587
729,-511
-915,-520
-43,442
-678,630
330,-846
-659,282
-237,873
-961,918
397,298
-498,986
-784,955
444,-460
624,856
141,925
-176,-437
-679,-484
601,553
48,-904
639,148
-50,-32
338,924
-403,379
-386,63
17,-33
459,-609
-330,936
-77,354
231,304
-486,-112
902,164
-438,184
567,-744
-428,-870
761,1
-420,-569
-401,-31
744,738
-701,-323
-699,-568
-695,650
65,839
535,416
-51,-261
-489,-45
-786,-307
551,-648
563,-611
11,661
-858,-783
339,-647
-574,-761
-86,-320
354,-437
-9,33
-177,-183
681,-939
436,917
-141,-317
950,-793
352,-923
840,186
853,-315
5,642
-803,-396
-635,275
-544,-909
-815,695
-783,120
-38,686
811,480
-85,-492
-363,413
-610,335
-51,-671
-879,-416
586,968
-137,910
198,-977
-203,-95
-385,-166
-709,76
240,-234
-937,124
838,-81
-586,-772
-113,587
868,586
828,-604
453,164
-181,945
271,-621
-153,-391
-384,777
-310,66
-621,-201
-759,286
283,946
580,1000
-925,-467
240,787
233,-582
-269,150
-980,665
692,68
-17,-150
683,-251
-916,785
-229,-809
38,-145
202,975
-50,-641
-10,310
-748,386
129,531
330,-975
-852,-11
184,198
131,-860
-272,-573
-559,295
24,-984
139,989
680,93
510,723
-464,-24
812,-774
452,-227
-979,25
122,898
785,894
-34,-71
12,689
84,-815
-96,-145
-942,-531
-321,-814
-136,383
214,-881
-768,52
406,392
-149,-516
323,262
-145,-901
-501,307
612,115
350,-768
861,675
-36,-423
-229,-327
-773,-47
-17,322
429,544
300,365
252,-548
-218,109
-376,-150
-397,-500
-527,625
-975,-811
630,-309
297,842
-74,-622
973,879
-666,29
710,-136
-337,-656
-687,-852
623,568
459,820
-830,202
689,-785
127,289
-66,-223
370,-314
-281,-483
-488,674
-970,737
792,196
-960,-756
608,-550
515,-379
99,-839
423,932
76,566
-855,918
-866,359
-277,941
-272,278
938,-807
-53,-413
10,-191
106,-99
811,898
13,-130
734,965
795,-671
-527,64
128,-23
-396,167
-583,224
-936,-574
921,-684
-347,138
-240,-988
-266,-665
-369,-758
-547,-984
-582,-587
648,379
737,-856
-96,-783
922,781
-30,-642
765,810
-416,-129
268,202
742,-617
-406,-93
273,-282
-408,-300
-277,-702
116,-629
-17,-60
-744,579
730,-81
348,79
674,-675
58,-854
402,47
-534,742
806,-558
400,785
201,660
-282,343
-562,-415
632,-814
-281,-71
-732,-901
647,-884
-746,844
-881,-17
-700,838
965,722
907,-997
653,824
776,604
-373,614
-710,103
-272,-963
350,818
-137,530
-2,-950
-301,590
328,-443
643,510
83,691
197,992
-566,321
-444,537
769,273
476,-825
-732,-969
654,556
766,-322
197,942
-112,720
100,899
-474,845
-91,-424
-423,-430
-837,-1
-912,-722
-459,917
-444,-536
-976,-221
-463,-757
893,916
-313,-957
-492,61
-996,792
236,7
-341,-390
386,-580
-297,576
6,684
709,264
967,306
464,-309
-945,-28
172,-673
857,450
-428,204
-372,853
-261,-779
894,419
339,649
-559,-139
-879,111
574,-811
148,777
640,-749
-859,-490
218,485
-97,-10
-132,861
852,529
618,167
935,328
14,-580
-461,556
376,975
-522,831
-176,-982
874,-555
-583,500
-847,-715
582,-433
436,-12
522,256
809,835
708,543
706,247
-357,120
-795,906
-603,-889
-708,668
-704,-403
-270,317
240,43
-157,-151
31,140
-266,-855
-898,-156
415,879
331,497
424,-351
901,980
-548,-201
-413,-147
-571,-708
-286,706
271,154
-582,18
-846,362
-289,144
858,873
808,263
468,454
-424,-229
-696,-241
-923,972
-558,-745
-513,227
-248,-838
-719,-981
71,820
406,284
610,-714
995,-72
257,-88
610,34
541,-402
14,-105
766,429
860,162
687,961
-145,2
-653,514
-386,-800
-438,969
43,693
293,-491
-205,-779
-43,-587
718,81
-237,939
275,-435
26,133
756,-683
-867,50
-87,697
430,971
-820,-104
942,-413
282,224
372,-674
-614,-653
835,723
-729,684
116,758
404,-930
-507,-46
999,-817
942,764
-978,-211
580,302
-237,-579
-312,981
-338,272
492,71
245,800
424,175
838,314
881,402
773,747
-205,-112
909,298
-65,-804
-782,-550
476,933
-996,-970
-303,655
537,956
943,468
-536,996
205,-179
558,-949
-570,779
-402,507
267,975
-847,401
72,34
255,-807
-46,495
991,-631
-400,479
-528,367
164,941
-722,711
-669,429
-263,-151
540,260
185,-974
1000,56
945,-767
-523,12
61,-24
885,-548
376,858
-438,359
781,145
346,-785
595,-140
-19,10
-175,83
177,97
-226,629
246,-307
-378,863
-225,837
656,-406
-358,102
-13,47
697,-861
965,858
-46,-421
589,642
-156,-170
622,-831
843,-132
-492,679
-870,561
31,-793
-666,592
-150,-573
711,773
493,747
-928,-640
-270,575
-491,742
-122,-282
693,-404
416,-12
631,387
-41,245
-430,-616
682,-295
446,528
853,116
-426,631
858,-417
198,974
-650,495
292,738
544,940
101,-124
-797,298
-217,334
-525,776
-628,342
235,-826
562,881
834,895
240,726
119,-401
265,-741
-57,595
-459,223
864,146
-646,608
606,348
-196,-19
-143,-373
-617,-469
84,991
-442,-261
-45,-550
60,162
376,14
223,202
27,538
-440,-884
-353,-319
852,-418
-376,188
92,-126
-376,-175
712,908
-713,358
574,663
-343,864
-168,-378
-98,-265
836,696
-583,-258
68,397
396,389
-736,354
-916,752
-897,558
812,-927
596,-636
-5,-786
943,954
-832,-43
-604,367
499,897
-342,22
328,183
-563,841
55,-305
685,-635
-152,332
-538,-43
561,735
647,795
953,-212
28,106
425,-610
354,-898
-88,-578
-573,-590
449,-980
930,561
164,-284
300,446
-31,257
912,716
561,561
938,525
840,183
-855,-677
-994,377
-993,596
-178,-828
808,-530
-952,-3
558,82
663,117
218,314
735,975
-680,125
-283,-200
-539,928
-204,-429
551,330
96,-398
829,-656
-244,33
-28,-378
-387,492
-155,-672
472,200
141,-364
941,-369
-679,230
-100,782
-710,-507
-644,-486
621,-46
921,-96
-540,455
361,-241
-106,943
-722,599
411,373
-819,-249
-754,-468
-73,594
37,-925
894,441
-385,-487
-187,-445
-97,936
64,924
-369,-401
421,337
-676,486
-71,96
-230,458
-842,-882
-606,750
-445,739
-810,-16
766,-541
723,-16
707,-189
721,115
-112,-105
81,282
-835,-46
-711,702
-509,-629
628,-631
-216,-953
180,-974
252,87
303,-906
-858,708
-726,-405
-489,-996
-687,-300
437,847
726,176
-62,-388
420,-881
21,-805
-914,-857
398,465
79,903
149,-696
-169,-491
-264,858
-905,289
645,539
-984,426
-797,-219
-935,-792
-607,-688
384,-761
-784,-227
895,348
633,-843
150,-309
-763,665
-986,-794
-403,-661
852,-995
93,-606
220,-336
698,-201
555,-583
61,-505
-246,307
643,-226
-361,328
998,485
-63,-162
221,232
859,461
696,47
212,-669
21,-541
-340,-375
223,452
214,-131
-884,-863
416,590
-617,-928
972,-779
587,-839
301,-739
586,-711
590,209
-641,948
881,-256
15,-515
-717,901
-500,889
-377,-152
-5,-223
-244,250
-128,-47
-322,253
-602,-373
-211,-552
-871,754
-7,-879
124,-524
-226,-375
665,552
627,969
-896,-575
-56,175
599,318
951,861
-378,-170
588,858
44,-560
-611,-223
-546,-153
516,-551
-537,712
165,170
195,-516
868,-402
366,-799
-219,-649
-865,-286
796,314
-508,450
-725,494
508,-207
-640,284
-349,985
363,-509
329,-817
-378,902
-957,101
-409,723
444,-618
79,-171
782,-967
-423,-304
-794,228
672,645
-925,-449
152,-787
818,296
-827,-829
953,-282
-908,-762
-187,-997
493,968
956,598
108,201
-711,810
1,838
652,290
-365,-144
44,-708
-264,-765
-44,665
-126,-33
668,-120
-255,-828
467,240
-690,577
802,691
532,637
459,482
464,-808
-409,624
338,162
-362,-960
356,-538
-166,431
607,-778
-754,-572
248,204
150,812
-196,894
-689,266
392,927
795,887
-278,817
930,338
87,-956
874,206
636,776
822,-675
-601,-710
-75,-125
974,523
470,-733
-100,359
-209,-832
-438,-996
-246,-18
-171,731
359,-830
-781,950
973,-954
-49,-768
354,-610
-475,561
113,-876
872,271
-941,-794
909,-616
215,35
-558,-772
912,-766
-709,968
966,815
974,-86
-173,-800
260,614
778,427
397,-298
-590,228
553,383
926,920
-21,506
469,237
288,199
-994,422
-506,-420
533,931
665,284
-606,-312
-465,201
-919,532
520,-328
-973,431
-330,834
-894,-566
805,103
-81,898
740,-368
-350,-583
-95,616
-350,-193
513,-293
58,777
-592,66
-223,-94
625,-829
509,-930
-958,151
722,-595
653,27
161,-838
-356,-918
-288,432
127,-127
766,-473
-644,499
740,426
952,663
-851,793
38,549
201,855
-945,791
-890,374
-711,35
-325,975
-828,896
-971,-277
167,-699
581,-478
-328,-102
563,-882
466,-947
-448,781
-180,394
-841,-480
-389,725
351,-708
-521,-119
-605,-661
86,178
-903,-638
601,269
-262,-395
699,-860
-655,-183
-802,356
-931,-464
495,-890
316,784
-866,-315
-363,-605
-539,-642
518,861
804,-255
-327,730
-334,893
-409,-666
30,-240
292,268
-328,-913
606,487
934,436
302,-947
902,410
225,-122
-215,-316
-232,-995
-507,273
419,-466
-846,887
-741,-271
-340,-549
-185,-930
477,308
144,349
-421,-145
-128,275
-633,-350
-152,758
341,-31
-48,-308
661,123
-358,24
-348,-538
654,-705
162,940
-340,-293
994,-461
-270,395
702,504
531,-381
804,-998
372,511
884,-281
462,622
-487,36
816,778
-642,529
-484,-342
-288,-505
147,736
928,-777
-430,362
-693,-771
738,-716
62,838
399,-832
-693,565
-404,834
-695,-491
-911,277
-366,-594
-902,278
-747,-946
266,478
-865,591
-63,-534
-772,-824
310,-373
592,486
-865,-149
-78,606
-405,-636
400,681
49,-392
665,384
-435,-7
-660,-700
-707,253
-535,-663
231,-79
-874,-163
978,871
-921,769
-978,-443
-774,226
200,71
334,66
202,330
643,-187
-568,-458
-337,86
889,876
-575,-767
427,126
-721,-949
-793,248
-250,623
378,108
815,-453
-626,733
683,865
341,-633
792,235
-157,806
-375,-437
471,-700
938,-47
-723,-845
775,-681
854,238
-944,168
436,-160
264,562
628,638
-98,445
581,-208
-201,-373
-566,-371
-677,-898
325,839
627,846
678,868
628,-194
459,127
-330,446
-35,-660
-894,478
27,-880
-515,-145
-776,663
872,-726
-915,-413
522,453
18,-551
-854,-940
805,402
817,-767
-635,-560
428,816
904,-104
-743,-227
136,592
691,-587
867,284
-606,-652
547,-852
-946,-547
-918,-543
671,856
-62,-641
304,-769
-860,175
362,87
-304,-480
370,-849
906,-662
-131,677
473,343
-399,-937
853,777
458,-169
901,160
-257,247
-219,-141
974,-833
-114,771
-247,400
-115,-596
929,-127
424,795
896,818
-378,85
90,136
958,50
901,-436
-573,366
114,-784
216,553
446,-204
-558,-973
-449,-570
-959,477
665,-703
-735,-643
-379,-922
-214,-158
406,-141
247,669
6,258
-306,-90
-853,-727
-84,521
-931,-275
479,257
-261,-300
150,345
706,-953
562,255
79,-714
592,-290
-719,-419
360,383
733,-905
723,944
-817,271
141,375
355,239
896,998
195,-530
499,853
-779,-332
-234,-389
138,681
-565,907
-319,-829
-510,-755
-641,212
-640,574
713,164
844,-696
-20,-693
-55,-249
-203,-4
454,-1000
859,413
539,-111
848,-798
953,973
888,810
217,-446
637,-621
372,-551
751,-479
-429,-505
-673,896
216,776
616,-122
-435,-367
572,666
-472,-727
977,142
599,-232
-871,143
-397,826
711,-698
-417,-129
825,-263
287,521
861,990
441,455
946,936
-255,687
943,-690
542,765
413,551
-825,-716
943,655
686,-412
451,-902
210,-23
41,-237
408,29
651,749
-229,718
-112,-336
-444,67
162,344
695,261
-988,-603
-14,689
-352,-6
17,-398
639,294
101,-65
-907,467
-617,266
-290,-725
-283,674
641,-590
513,-115
-582,837
-695,-193
-935,-664
-834,-428
854,-831
794,670
-439,-257
-42,526
-25,637
957,-80
729,285
993,889
-781,428
961,-238
794,-919
-416,290
612,-712
416,-190
576,250
127,-483
759,-708
-285,-613
-150,775
-952,-646
-678,317
-253,750
587,-922
-167,-272
578,335
662,-222
-523,733
382,138
81,-383
-775,492
133,-77
880,514
-56,-186
747,463
861,973
376,-968
484,667
173,-723
-554,576
646,-902
395,439
687,-601
-130,-994
-796,868
545,229
-275,528
-584,-957
384,650
805,-318
771,-36
-48,793
-186,720
996,-347
987,-996
343,619
-298,-311
593,438
767,-854
100,50
-357,241
-892,-453
-804,-226
428,-25
908,-596
70,362
935,15
176,-749
-581,717
493,849
-324,597
-976,-202
-199,-227
39,416
-545,-433
486,-674
-999,782
633,-791
-120,439
528,185
-131,275
135,-706
-764,209
105,-82
-312,-57
820,-389
151,-232
-273,542
-52,175
-959,736
-93,-190
466,-791
-791,20
-499,-2
-611,615
338,-875
-712,14
-158,-135
-579,592
-529,-163
-74,557
723,-305
-808,243
696,-336
-185,863
-886,-118
-336,530
-603,122
998,685
-641,679
-721,-406
-243,204
176,377
623,-22
372,312
367,-702
-44,-627
-117,730
-318,-155
225,-271
-212,-875
-156,-10
274,919
27,231
-905,287
-776,267
229,-948
703,900
446,-150
122,-735
227,-22
470,-210
-706,-100
690,-788
511,-222
614,527
-976,755
-307,-268
-878,-124
-550,-296
965,-658
975,862
322,876
144,506
-60,994
-762,616
-385,782
103,-11
-209,971
-110,490
593,64
175,464
895,-734
797,194
405,-277
961,-475
-27,-751
-465,-290
-662,163
449,566
-628,-671
871,904
-134,709
768,-169
734,227
70,364
618,-104
392,-665
988,969
618,-99
542,-740
-93,505
781,-769
-527,606
856,785
523,-358
-812,128
538,114
324,771
427,787
267,67
-930,736
-597,570
-989,-672
-328,27
-556,648
662,-393
410,-586
144,626
-707,-193
419,435
-166,657
-879,-820
-850,938
-473,70
42,719
652,-846
557,-897
835,406
894,746
182,-623
-153,64
115,-175
839,-705
-540,364
-272,876
328,-296
858,-793
821,-645
22,-558
619,152
228,-907
-780,293
-351,-35
-982,-213
615,-67
675,633
-546,-894
-584,-578
-83,697
501,-297
-87,-806
-714,284
564,-289
89,-770
476,130
-543,-914
-887,-81
-960,465
303,-585
-301,-728
7,360
300,-981
-624,-120
766,343
-520,-639
-242,65
282,-40
-711,-302
-265,101
-273,412
-127,197
751,397
585,278
893,68
842,732
-258,426
-551,866
-135,807
498,-169
-683,377
259,-332
-806,-560
159,189
654,-465
608,169
-466,104
-151,-324
-405,-337
-132,446
-418,338
-467,-941
-896,-569
677,-808
-815,376
-606,-359
869,192
852,-112
-63,610
985,838
-963,-973
-158,-987
-410,-517
-259,81
790,930
65,422
117,457
260,972
127,268
713,114
-786,1
-333,-847
-684,-230
986,638
636,-122
164,625
228,-199
833,-343
900,-509
507,-377
-904,-701
-320,769
396,-461
-881,-637
-564,-542
364,-147
-340,-649
394,810
612,-424
820,384
-429,12
-453,686
499,-683
-627,-727
-886,947
821,435
961,720
-106,-453
-667,-111
691,342
-553,-154
662,188
775,927
870,810
-261,-538
-295,-896
645,-525
-404,-688
291,280
92,-675
-191,226
-127,-797
-701,861
-404,292
-614,869
-905,985
623,-443
-237,673
53,744
-734,624
-809,-128
590,-437
517,-437
243,-309
-760,-431
-708,-987
-98,553
-898,319
-624,-274
-157,96
70,390
772,-327
-693,-928
-762,747
-623,-44
218,829
-470,46
-144,-526
165,-535
265,-670
-731,-574
658,486
9,660
690,-173
-821,140
-830,-42
-842,616
-231,-828
-117,-76
643,-799
-635,255
-500,766
877,360
208,420
-638,-97
-311,366
429,806
-46,338
-521,-450
-585,-660
683,710
660,-186
82,340
-840,760
-871,572
172,555
-815,889
-365,177
-883,-316
707,-504
880,408
-80,-72
-17,157
656,-380
-682,82
-971,-297
-274,887
-817,-819
-124,54
-95,-763
67,-746
573,896
-524,-568
-218,-27
-207,-385
-130,402
782,-276
982,28
5,-437
380,855
-577,797
491,-895
83,-276
82,622
329,-822
-460,22
-788,-415
-18,376
268,-346
-961,523
-453,-371
298,-264
184,89
-886,-115
170,-633
-351,-465
-792,215
-348,-888
983,-495
-705,16
589,68
854,-296
-219,-552
91,216
84,649
874,185
-253,-808
366,-85
858,-329
657,81
344,290
794,-272
30,-598
-360,-908
-588,558
589,809
-137,758
719,-985
-538,-265
-195,-593
-697,-107
-603,-572
566,350
-772,881
-49,655
721,749
820,466
-632,407
-333,-525
-984,-279
-708,774
111,-511
-730,865
-843,-801
-465,868
701,148
812,-258
320,-6
640,809
623,525
377,-427
257,-897
-540,-166
-384,-612
684,349
124,123
-499,899
280,-405
114,-241
45,958
260,961
42,-870
-946,-163
-458,536
858,-800
-284,-334
-725,672
-722,-83
-312,620
-968,116
163,57
-57,-668
-624,377
391,-869
-328,-149
183,-921
-35,-132
441,840
712,-442
-362,-640
957,736
-489,6
100,-579
244,203
473,-256
-437,-389
161,-13
-289,-82
-449,853
-718,-122
-434,117
163,-305
-141,617
994,679
-789,691
-929,63
-538,-600
673,723
-806,986
-583,-453
146,239
-687,960
23,-785
-194,339
445,670
773,977
-336,207
790,434
-959,-383
-17,101
-100,110
-805,-840
171,-330
183,661
-400,951
-249,-815
742,634
201,743
463,904
75,-344
209,203
-435,953
-3,734
303,601
662,799
-11,-827
384,277
-837,-399
-303,502
-679,14
-76,581
571,94
677,999
-514,-312
-607,936
-297,562
123,933
-657,782
-527,-731
-261,-801
73,-894
638,-174
-405,-412
-87,78
208,-511
-685,-271
667,-54
62,-104
215,390
-683,-872
6,-510
-410,-746
537,560
-217,813
552,-727
-533,-562
-950,760
-836,-745
233,811
-69,701
28,898
-49,76
865,935
731,541
-534,258
160,-980
-315,417
111,-200
409,485
-517,930
-753,-449
912,421
-661,682
-980,868
-209,349
-889,258
661,-303
-652,979
-872,-499
204,67
-333,220
-28,-365
-315,-564
553,680
-748,524
-864,327
-328,975
80,395
-821,-312
173,-517
104,-113
-82,-198
-102,970
-479,-912
647,-539
381,-567
190,-991
-25,918
-889,632
186,125
-958,-402
-969,591
137,-973
-53,928
913,-341
-331,-251
737,-181
646,834
770,601
-639,946
271,370
204,15
701,-921
209,820
-663,840
865,-392
-854,403
805,-48
699,643
608,309
-180,-134
-203,712
573,-955
-323,-891
916,-664
-255,389
-505,966
645,486
-915,-793
-18,-205
319,-741
133,694
386,10
605,125
910,785
793,-890
895,216
-598,-723
724,981
6,-524
-546,-150
-940,-392
863,900
-98,579
727,-489
-40,237
-768,-486
-416,-310
324,499
90,-53
-156,-33
-382,-604
-574,904
327,-412
975,-113
-103,262
-953,-303
-911,-157
347,-892
-421,633
993,-622
128,427
74,-793
43,746
817,511
390,578
-343,-639
-584,795
397,-301
302,763
-726,-396
-774,-392
-709,-414
-63,695
152,-294
312,-773
-910,-524
-608,-47
-922,14
-441,90
-997,239
-978,-616
-881,729
141,378
356,-543
796,-870
-108,394
-497,-631
183,-344
864,-371
-410,-15
-760,504
-943,512
93,-165
335,-696
-318,122
-815,-27
112,345
656,495
-363,-137
-334,179
999,935
712,-687
-238,-615
-303,-815
-451,605
358,-521
642,349
162,-874
584,869
331,-872
-542,-491
42,390
730,-522
403,-46
-831,150
816,-2
-11,450
401,507
-514,-952
508,155
143,154
-807,-572
-767,-239
556,448
556,555
-859,-307
-828,-441
724,-503
672,678
683,858
488,613
-56,-772
586,741
312,-152
-237,627
-241,-781
833,62
-46,-532
-873,-835
424,427
-346,-104
129,619
-867,-743
370,-907
-102,509
-844,-490
-278,368
-271,356
577,-956
-468,645
91,995
334,791
830,-718
-71,-930
646,297
-994,-714
-797,-774
125,-177
-433,44
-374,94
-535,-60
965,582
-877,-726
-459,381
-418,416
-365,737
-723,-248
-717,-733
-363,894
-793,-806
-908,56
-309,740
-246,-253
892,583
547,724
868,266
-825,-885
45,650
-202,-698
-401,697
688,-874
-607,-287
-178,964
-534,-467
196,152
869,-714
674,-185
821,646
372,719
-212,-718
632,434
591,187
839,860
817,-439
-575,-134
33,376
-540,416
-97,-925
-958,-381
-32,-20
106,-525
-1000,-284
-690,370
717,-152
-475,753
786,-168
261,-106
686,320
-244,17
-660,-289
-351,873
834,261
-484,812
758,796
230,91
705,-229
407,884
-937,103
-1,-358
80,64
-407,-960
265,-1
455,589
504,-753
29,-826
-742,960
446,896
-935,243
-513,851
-729,503
90,490
417,-546
411,539
-378,-778
250,-172
-697,869
289,493
828,-958
-788,-957
476,279
-13,530
-653,-780
962,290
-132,468
36,-472
285,-610
-911,333
915,971
-262,-796
-991,255
-796,-488
-285,648
-353,236
-770,-301
437,494
910,303
267,-928
-882,-285
-606,-553
-14,-512
467,-155
-732,-220
913,-615
-977,705
-650,-508
851,-826
400,872
949,27
923,-995
-560,-18
-611,-597
818,514
-30,-656
40,115
961,-45
969,-309
-565,-338
121,378
960,626
462,21
808,-775
-197,-757
-641,266
-515,-423
-184,402
825,-66
-573,-603
524,685
453,846
406,-77
-716,44
811,630
499,-288
-811,629
-928,-122
-248,-380
382,91
147,629
-639,620
-870,-562
-1000,-782
-768,946
-276,-156
552,-960
988,-250
403,-954
-868,209
766,-112
-896,-43
145,-275
-638,-997
892,-543
139,-906
-508,305
142,-53
2,270
-789,-441
270,756
677,-522
-977,209
-857,766
-693,867
-503,65
560,-324
719,295
-674,783
-440,-360
134,-111
-278,562
276,468
860,-172
-672,-303
-976,65
-597,-247
865,-667
650,-161
-495,-20
888,38
805,534
191,-289
-346,-437
-343,-882
567,927
-270,705
-381,-949
695,459
668,958
435,-554
-452,-734
240,413
79,487
209,-997
-71,414
174,-393
-436,518
-488,-466
-456,518
757,-664
153,-414
-924,762
79,-899
585,745
-240,-375
-386,263
641,-75
633,302
481,792
948,267
704,-951
-364,487
-596,758
846,569
235,777
921,-944
-177,826
92,-151
-620,-964
-297,802
-378,956
-438,-887
424,-316
-405,377
-18,-945
-51,155
32,-748
-809,-451
-343,-611
-120,-978
-119,-641
963,375
-287,-373
744,-639
-216,652
-686,828
473,-520
966,-253
-898,679
423,860
938,-339
-945,929
-664,-654
-685,510
713,-46
699,742
677,-689
-733,-331
-432,587
-234,449
192,-777
420,211
-259,-95
717,-606
-149,816
-74,-682
-125,-57
600,956
888,-872
105,-593
-740,-506
-960,328
999,-716
516,528
816,696
327,-170
-203,-545
-734,-177
-513,-657
214,-218
317,242
-809,-2
-601,-412
261,-877
-513,229
53,-656
-610,-93
704,281
-798,841
-880,853
88,702
952,-267
-217,588
196,651
534,-283
922,561
51,633
240,453
177,-602
350,-622
-145,784
-932,121
731,-161
159,-680
-155,-126
-101,-810
-904,466
631,-835
-551,-131
98,-70
614,-355
-918,-6
-609,306
175,618
-85,-341
2,-136
993,-829
-78,-289
794,-849
-583,-377
-117,-601
810,-673
-4,-744
-416,948
-817,390
760,161
-920,-291
-899,964
537,-723
-662,-184
-143,-529
85,-984
-511,-251
162,378
789,-349
435,-368
148,85
3,668
-148,308
279,-804
-375,-301
-672,-150
826,-292
637,-947
360,-902
570,536
-321,297
-549,-149
660,993
739,311
-108,341
-824,724
-514,101
-965,-625
247,96
170,769
-148,-332
-12,229
-836,-727
-347,399
272,-961
788,-994
900,915
-674,-167
-365,-273
885,645
-618,902
641,437
397,-414
195,-66
-456,-641
-295,130
-569,483
130,-29
-300,-956
-454,-705
791,-550
860,174
707,432
-884,-354
-703,-3
754,818
229,-491
-212,17
-847,-49
309,38
657,754
703,56
-472,-516
-878,55
884,562
938,-318
-826,-398
-195,-627
857,-317
-380,-78
-616,729
387,430
905,84
472,-124
741,731
-896,-663
-34,224
-767,-762
236,218
10,237
-953,720
884,59
84,-731
-741,-223
731,-546
-47,805
175,943
-226,-508
849,-964
633,677
23,-211
-467,463
82,-557
-813,-662
-146,209
249,-175
819,737
-976,702
516,830
-552,-688
-21,696
-37,-326
-288,192
-221,-260
-937,-426
-397,-829
947,964
792,-944
-70,-811
329,360
965,-326
-777,-677
-714,-106
-571,471
-733,-748
321,591
844,406
495,-239
207,-920
418,-808
883,982
765,-97
529,948
-707,467
52,-41
-730,-68
-74,-16
191,454
-361,-457
332,-450
245,294
601,-864
871,521
123,790
884,481
-372,-282
282,726
-390,519
-172,717
651,-681
841,855
-212,-133
996,997
-810,-516
815,839
265,-594
36,-907
-159,589
-896,-721
671,809
-273,-609
-663,-39
-186,-63
-25,-311
690,738
810,-132
-834,127
-362,645
269,854
594,997
-743,-853
267,-672
-613,201
-471,126
-506,932
-489,-854
527,65
-787,-587
623,691
81,-726
145,-582
445,-642
673,148
26,130
106,841
109,-987
695,727
-617,809
-34,695
302,-237
893,-796
-776,-956
905,661
-177,-12
-445,-558
977,-982
-745,-649
624,-532
334,226
-3,805
-193,-376
546,-859
-672,-140
466,465
-659,-703
-361,266
-913,179
-512,-796
-893,176
-429,359
-121,-32
-697,-758
-237,-714
160,-56
-673,324
885,254
38,-470
671,940
-211,-690
-697,-105
893,-142
-748,81
494,-102
63,-533
297,684
493,-436
703,-934
-568,561
317,-480
-543,401
-892,35
-266,-72
-78,-644
-516,-432
306,-509
-231,-703
-406,-489
43,183
672,-395
-207,396
-761,-834
-25,-896
-188,527
70,839
715,-561
-772,76
-601,946
-792,-868
68,418
-286,-528
-238,365
-355,-260
-405,-670
-281,-132
230,581
-61,-904
-390,-152
817,-983
288,879
-79,-17
421,398
378,494
-526,-188
-890,32
411,118
313,-581
-269,-811
-654,323
37,-696
595,522
313,-291
920,652
-423,135
-78,-72
-898,-189
480,303
546,54
-337,-231
-737,864
853,205
-537,619
319,-704
444,-591
207,569
941,143
389,998
201,622
-122,499
-904,348
209,-437
874,501
246,-262
-474,661
88,522
614,-651
13,106
-699,909
-919,-96
-629,85
-358,-28
-933,-387
823,-296
575,538
358,41
-771,550
521,596
623,-363
345,332
119,108
-829,84
-345,-1000
387,-846
228,-570
-759,36
696,-272
992,319
-31,478
662,-703
841,-473
41,786
368,498
833,720
-473,-330
9,509
-661,170
-586,144
861,230
-986,-359
-49,388
992,-771
-648,283
-771,582
-178,-689
-527,829
14,928
312,-286
-280,-824
-209,-844
-915,303
211,37
613,330
-415,121
470,213
242,-839
-890,782
818,780
-703,995
955,-734
144,-496
-325,884
631,-907
-557,309
417,442
-337,-834
-185,-655
114,707
-454,32
684,951
32,-900
947,196
-81,-820
853,837
-539,-670
590,-980
-786,-685
-733,-190
16,-942
-963,-937
-145,526
-416,-327
-870,537
-249,884
307,-183
561,798
208,-350
835,565
59,400
707,-131
604,-543
218,-865
-38,199
487,-60
860,-678
-47,-797
-235,-799
-674,-833
-134,564
807,675
485,-650
895,-868
-167,941
-318,-347
333,332
-152,-937
-277,982
-481,321
897,736
642,997
-507,986
-994,579
-865,-29
-457,265
-50,-58
306,-453
208,102
690,-707
728,-575
617,-319
327,355
-292,-176
-71,-891
812,204
-937,-482
-398,-748
-630,428
-836,184
-568,562
793,653
-58,203
-71,-803
174,-661
-593,800
119,731
-773,377
992,-22
-180,-899
34,-572
514,392
-505,-499
646,757
599,-74
-365,813
43,631
-451,-582
-48,-861
2,414
343,295
-20,326
-103,691
16,-546
351,-596
-141,-472
406,726
174,323
995,590
967,-199
109,-862
14,-907
969,-286
93,911
-340,-668
-817,-729
-629,-229
-201,696
867,318
-796,96
69,-634
0,495
76,911
-153,987
663,308
501,-790
436,446
708,-245
-143,-169
908,330
858,924
151,-15
652,-113
-720,-225
-571,658
-985,-924
-1,-562
70,-101
-572,-417
-451,-954
493,801
420,-921
-860,50
-875,-27
-843,172
684,19
-983,918
-367,-999
-495,130
87,-894
-836,-455
-272,753
609,-4
684,39
718,935
-176,-876
828,922
-752,391
549,-587
923,607
-94,-453
582,579
-247,-420
-165,468
382,-51
-849,-198
568,-585
-903,-144
-731,817
-347,-703
-542,922
-46,934
306,133
109,191
751,-274
-459,-944
346,695
-454,-633
-921,580
-989,-289
812,-658
358,-144
-630,-170
474,927
-882,981
825,-40
-440,-338
-910,-996
-968,604
581,-150
783,-143
-342,633
576,-79
-905,963
-908,189
206,791
-399,-749
-127,968
-861,110
-707,844
-383,-745
747,-382
-320,484
157,747
-719,-485
-276,-511
300,-452
-926,935
937,483
309,601
366,383
153,441
-9,-844
-794,786
896,-715
-305,-710
972,-59
812,-693
-689,905
-442,574
-888,-888
-780,-960
548,66
94,-802
-462,-597
264,813
193,279
-480,811
-523,910
-466,-206
-569,-27
958,-493
-400,-235
-406,172
128,-548
77,-538
-758,-715
-279,871
-923,180
541,108
467,731
-999,18
-89,-492
-583,508
-246,102
-53,-289
-338,148
362,474
-880,-825
77,-346
-340,-689
-3,967
133,743
-551,564
-327,778
-693,-591
432,-261
578,-661
-934,451
166,273
-857,895
-949,345
-12,-561
197,640
-41,825
-81,-404
625,483
140,-165
-329,-328
-800,444
-131,437
-916,58
431,-611
779,-714
-879,247
543,-756
-600,-978
949,687
170,264
156,-843
362,-871
-740,-874
-672,-491
483,176
708,-193
-689,662
-611,36
611,474
-980,873
850,436
632,-431
-114,173
766,-262
818,354
395,-2
-773,173
939,-333
983,303
-732,672
-576,581
96,908
232,171
-512,881
289,-465
68,404
-16,933
-542,138
825,-664
-658,-492
-244,368
99,989
-653,754
-199,-161
-736,718
492,509
478,231
-240,-782
-735,746
297,463
-846,441
-144,-728
808,-114
-546,504
-929,896
-514,-458
-410,935
-209,896
855,121
-232,-632
489,-448
664,313
667,-39
-727,-960
-721,236
-725,-447
780,-219
-885,-734
643,193
-496,901
451,-92
330,-195
633,-350
121,810
183,-940
640,-691
260,974
718,938
-197,707
-188,-699
-606,239
481,968
212,-571
241,-353
-617,-346
183,-518
499,-370
-816,-489
819,373
150,-51
459,306
-354,130
882,734
-479,-754
104,289
-486,-529
470,379
132,-427
94,930
325,-587
838,920
-677,-102
87,-408
-335,657
-475,-946
167,-463
-347,-524
298,595
-160,520
287,920
-409,-563
-4,317
757,-507
-942,913
927,115
912,363
-292,-104
-147,-667
-680,233
150,723
-214,-386
196,434
372,970
417,175
-506,-674
591,-289
38,895
-791,-134
106,-404
-172,979
-683,-934
935,468
514,-973
-520,530
287,-569
681,-119
-738,-705
689,-399
329,300
-517,-96
921,-276
-474,-225
705,642
351,74
-468,-142
-503,877
357,-804
-112,258
896,45
187,977
-525,375
790,23
-903,-708
-950,-304
425,-317
226,-942
867,717
912,-395
-640,-252
300,-306
-2,-164
767,599
184,878
950,734
498,525
195,-766
401,-851
416,-301
-889,-284
-718,839
-430,-81
493,-692
-838,-419
518,631
978,126
53,770
-264,730
636,506
-313,-856
371,744
-414,-190
-880,27
12,519
-615,-506
728,806
691,815
149,553
550,-426
-513,846
-553,642
-260,643
-238,-979
611,-47
-333,-814
-617,898
961,378
-182,-707
-541,-981
247,112
-789,343
685,-267
-688,576
281,-845
-287,-906
374,560
327,423
-904,-279
558,993
697,250
591,-919
-678,-386
-771,188
-393,741
-936,554
-795,-199
-127,122
948,35
187,-694
-414,543
810,965
-673,-791
296,133
826,4
542,630
740,24
-631,-699
-52,-850
590,-262
988,131
-863,102
-154,-948
499,-436
-585,-934
-201,-259
-997,178
-94,747
-410,-677
409,955
609,731
-241,-821
-825,-429
48,157
985,-176
84,-184
-75,692
-493,208
-322,-5
-118,11
148,-825
-296,687
904,-722
-735,-477
556,-258
-485,-142
-995,944
-738,948
-566,-103
86,-407
230,-348
-182,-637
25,937
-137,-315
-346,77
-296,711
-412,-875
-130,-642
-887,-940
408,230
339,294
-48,714
-216,-639
636,-635
-779,477
-478,-63
457,608
24,-154
455,938
674,460
-966,-305
-497,692
186,274
-874,390
-178,-210
-167,-424
-799,984
-540,267
-300,-912
305,719
446,-306
158,540
769,-283
-973,-722
-106,606
-90,-720
-907,-353
-345,-601
449,93
388,7
437,-184
-683,284
404,625
-827,500
317,-48
-776,58
-644,17
-67,-740
455,388
-680,454
-573,654
-635,555
-16,295
107,174
-711,-87
315,-104
406,-419
-481,-296
160,-609
-288,-680
-470,-6
-874,-151
-869,-989
-312,-909
658,-347
-745,-982
244,-813
217,380
-102,636
401,759
-922,545
-971,633
697,-255
-395,-489
-132,27
-127,-864
193,134
-376,-525
-457,-451
808,834
969,680
-947,-286
487,-153
755,929
-569,691
562,-652
884,944
24,-773
395,533
-817,-323
523,513
208,686
923,539
251,-669
-318,-730
-490,540
-283,-524
716,861
173,455
611,-104
208,-309
-236,-314
959,388
952,501
-702,-207
-158,-866
393,-122
-864,483
-892,-792
-735,-176
840,498
193,722
-609,523
-659,-450
-615,-933
79,678
-313,-256
-795,159
229,-68
171,77
59,280
79,-783
-488,-110
-968,939
-163,79
-316,-100
975,-468
-218,816
817,-970
805,-867
-31,978
-59,396
55,564
990,-933
-509,474
212,-624
-671,-735
131,-39
-349,42
60,-305
-971,524
767,626
-448,600
714,-27
523,941
302,-281
-794,337
-233,-749
202,761
-590,-591
960,-60
-158,-368
-263,314
-127,330
-403,-715
-217,-158
-790,-517
910,-320
-296,-960
136,223
619,-80
760,-26
-720,-350
624,488
-450,87
83,-974
570,283
-834,-531
658,51
398,121
948,213
104,231
75,-369
-978,804
119,939
-524,466
222,212
-546,-24
302,631
676,144
-911,-206
861,-64
891,-501
141,365
-245,311
812,108
602,519
182,381
-653,69
-738,-382
-748,-593
572,-170
-106,-185
25,-742
243,-416
690,-965
772,-551
806,-841
144,-938
157,-326
512,368
908,280
498,-639
531,2
-296,820
-948,498
948,-821
-125,554
-331,-690
-539,-360
664,-333
486,551
868,-248
-147,-588
-460,733
451,542
453,-371
186,823
741,509
514,-902
134,179
407,332
634,-803
-470,-552
485,-811
-936,-464
-140,-550
704,-234
-57,728
644,943
367,-616
29,-152
348,986
-649,485
-471,568
-282,258
-515,26
-546,48
658,-849
43,424
581,-845
-336,-645
416,151
245,-198
-944,523
-198,-613
594,-103
696,753
-897,-948
-745,-98
-568,567
-985,965
-565,545
847,-164
344,685
950,-133
-744,469
-102,682
721,-369
-270,-276
-255,-639
352,-843
-55,46
361,675
877,712
617,-350
-912,-304
-436,699
-88,-164
112,-391
939,-29
189,-882
-540,-791
665,-162
188,-630
-15,850
-89,592
997,793
-900,760
-771,-898
890,596
-423,-124
-508,-105
-851,752
-748,453
-162,252
699,811
-284,-321
-766,-200
661,-327
-848,265
-606,-81
-854,221
614,-462
-471,-614
149,-573
-680,-176
268,283
924,-190
-298,243
-306,-398
940,-933
589,771
234,-495
-180,491
-732,-758
-894,255
718,-616
503,-34
-723,65
-539,-197
5,904
-886,545
-22,988
25,696
-233,-375
-359,632
45,100
160,-20
265,999
-405,150
953,-610
307,669
238,-144
542,848
297,894
-442,-371
-79,-747
220,736
-169,0
-574,214
218,-370
772,-483
-790,-624
457,-359
-946,-186
201,665
-7,8
-653,-492
-842,-956
621,634
967,-577
-671,435
101,18
779,-100
315,287
-593,81
-876,605
776,-632
977,219
-69,-830
-806,-202
447,-947
831,-888
604,-498
352,-250
192,-730
981,926
-311,-809
48,386
-241,888
966,439
580,36
-922,676
480,557
-115,362
-542,-825
165,-82
-650,350
-588,616
906,-66
452,325
-977,-49
640,465
36,178
-168,612
-899,733
766,-966
5,31
-994,854
-30,511
-304,-258
809,-877
-251,-593
677,-634
686,360
597,-850
-430,367
106,963
256,634
996,831
-265,-910
-832,94
-907,-961
315,125
181,-800
-918,221
-204,544
534,288
970,885
835,418
990,257
-400,808
114,732
-307,-435
720,524
412,608
-855,300
338,897
546,-12
396,48
887,936
496,953
246,-388
985,864
-519,-712
-332,-514
407,-680
-142,926
514,532
310,-627
362,411
695,-581
72,-223
-262,-756
-511,-842
947,480
-199,249
624,65
792,666
-343,283
-332,679
796,-415
755,-291
-39,847
933,760
-627,730
499,-340
-355,-129
-154,-355
-95,-547
-52,631
643,-683
982,506
751,-457
205,-123
237,-3
31,950
-299,-478
-161,-64
-122,570
48,-261
850,-835
-659,626
601,558
115,481
-378,-322
793,310
683,903
-744,-977
-210,-80
622,546
706,984
341,-514
-179,652
-457,-572
-87,-588
452,-800
-509,-649
-709,-24
-855,-227
-765,-369
-226,370
-531,-970
-383,-3
829,-933
-258,725
-229,55
-253,-259
-887,-202
306,60
-971,911
-635,-595
-942,-361
381,643
939,867
78,575
-957,-825
-153,-564
797,965
-591,724
-367,952
-880,-127
-893,-440
464,-320
-781,-248
-990,99
-579,-362
812,316
647,868
-317,309
186,546
704,-662
-343,-390
-646,-548
-525,-262
623,839
442,124
898,-225
-643,-951
-455,200
-639,-871
364,-464
952,-520
-473,-28
885,-828
-246,-99
218,538
89,-237
841,-181
-740,-979
749,133
211,-245
-308,-845
608,924
-290,-229
473,74
426,-713
-23,986
-70,494
-658,635
915,-568
-883,-820
353,735
-437,752
774,412
617,-836
-858,-581
-134,448
-795,606
-204,-138
-162,865
-68,230
-591,555
686,-752
-371,-839
-708,-439
784,-710
447,-965
-101,-463
659,-875
-362,-860
-647,-638
786,158
893,-971
-573,-337
-571,-364
209,187
-1,-837
-479,801
-680,634
-21,-666
235,487
432,800
392,151
71,452
-333,-835
928,-923
898,-639
245,-139
870,620
-980,-370
665,977
-627,739
-833,672
-622,419
-598,378
-755,884
-801,522
857,-462
-245,232
789,687
878,-257
-447,-618
453,-60
-977,771
-560,-870
-98,-368
-463,821
-571,-238
-416,124
858,240
185,949
-687,-748
586,662
901,-344
-618,-325
123,-198
-219,-486
94,-565
-398,363
476,204
-513,-934
400,-643
-488,-822
-194,291
-553,-773
-230,349
-223,270
78,143
-394,302
373,278
-164,-678
956,-898
950,101
584,892
-94,57
963,64
783,-701
-778,610
729,870
-347,710
-937,-229
828,81
-399,-930
713,749
206,246
-747,255
67,250
-550,-584
468,-724
255,-763
541,-487
941,560
-755,262
-766,-264
364,875
302,413
-681,958
975,500
332,-208
-573,164
-477,557
470,-994
-245,-169
-629,850
38,-110
-836,-745
165,982
828,975
-784,669
62,-11
941,49
602,150
-157,482
-988,47
276,102
74,-796
245,973
-540,-787
-964,397
679,-886
-459,702
392,646
-696,-787
-499,-560
85,185
-676,794
906,528
890,-833
34,559
993,-866
588,810
-512,-136
-415,-718
258,490
-481,-778
-36,878
-872,638
57,16
-82,628
571,-463
-362,135
-974,-225
648,-623
-79,-896
182,665
893,966
-479,-750
438,-709
307,-768
-647,-870
698,152
747,792
148,134
920,-257
557,833
-921,888
-15,-875
300,-65
-659,105
-551,355
238,-421
545,-126
878,979
974,564
-692,-98
-332,-449
-999,-997
-23,491
-281,-659
770,810
-172,-547
102,13
316,-536
462,34
-793,932
203,517
-279,93
333,230
498,-441
-735,837
550,-908
243,378
-238,908
-766,-635
749,379
288,407
577,505
197,305
-357,-15
-212,801
-319,-801
90,-473
831,-944
-795,529
885,733
787,104
425,660
994,-116
-87,-254
179,469
-237,655
522,-21
33,832
-19,822
973,96
599,-501
738,841
236,557
747,-973
-10,56
797,-986
-858,-584
-998,966
287,-611
755,996
944,-802
550,-687
52,-275
992,623
461,61
-944,-147
-416,394
628,96
-48,126
85,-116
-372,-290
-312,928
151,795
-484,-323
488,-479
-269,862
-509,-373
-573,-515
-459,406
-499,326
934,865
113,-85
-499,758
874,-525
538,626
-743,-628
-248,-241
-541,-503
-855,-978
-760,-321
-911,-445
388,629
-671,-593
143,-891
-977,195
364,-766
480,-454
-226,-132
300,-19
-186,571
-97,387
672,-751
319,463
-617,-497
564,-348
314,533
493,-171
-962,-206
-567,258
-385,335
-211,-990
-655,755
-724,142
-912,-685
-996,-353
282,715
845,960
226,960
846,627
13,797
479,551
-624,866
461,-816
-966,31
858,189
192,-367
522,-446
-427,19
-665,-869
11,466
333,400
60,-116
-938,-687
-294,635
258,10
296,740
-722,-71
-973,-542
423,830
-419,-642
713,-597
-525,28
-1000,-662
318,389
139,-173
330,890
-146,-196
709,-751
944,-725
-254,778
-725,-780
974,-847
55,-21
-255,596
-851,805
-732,-741
610,-793
898,-220
-379,-121
-741,-946
-409,13
118,330
-666,617
-853,363
-806,575
609,-405
677,-358
176,108
471,604
653,-78
302,-501
-6,-343
-591,-258
-901,257
907,-386
965,604
-336,-528
564,286
213,94
868,-127
244,-749
-741,520
-535,797
-719,217
-639,-714
14,75
-638,-355
54,672
-616,964
732,295
-655,508
-666,-907
-625,-671
-303,-671
433,106
30,387
339,-52
-895,-698
-63,-181
-526,476
-175,-34
761,251
863,-463
-550,620
-77,707
-540,901
-852,133
920,637
659,-761
249,-914
-293,-302
-555,-463
-636,633
-131,-675
354,739
995,217
78,430
996,313
315,857
622,-474
943,-266
420,861
691,-573
624,-685
776,-159
-187,-610
-687,-633
322,199
655,-178
-92,-719
363,-511
375,592
-693,-385
-872,-869
-222,-561
546,-128
-435,60
598,349
-568,813
339,-912
133,-934
-850,213
632,-133
562,-318
73,373
-263,-417
-569,-165
427,3
-244,384
-128,-801
-971,95
-858,-718
-939,-944
-1,486
299,-480
-974,659
767,135
827,-120
-513,-175
-742,179
31,139
-391,-873
635,240
21,749
460,-13
185,534
287,-167
321,-841
-234,697
-614,903
-533,942
842,-936
-934,-425
-830,623
-282,-690
677,-840
-428,494
475,851
-12,179
212,647
-134,-462
579,700
859,905
-238,463
38,974
283,701
864,187
-164,183
552,276
-723,-285
279,-512
907,933
-196,-658
-931,-732
320,766
952,652
-636,-252
40,892
928,408
-438,-450
529,727
574,-649
-520,730
-347,439
-433,812
283,-422
678,-39
-354,-202
495,-589
98,-30
-762,-630
-570,-76
691,-204
773,-940
80,-231
-129,-835
260,588
-848,880
-574,-406
-972,789
-291,-453
-917,922
743,-588
457,-555
954,-688
-56,-325
-863,-441
-708,-832
-764,343
-280,-823
271,873
457,-229
-98,-6
757,793
-528,643
772,79
123,868
833,-43
-791,995
600,-477
-649,-276
16,879
840,-785
-896,771
121,802
-625,715
57,797
-971,700
27,256
791,-360
-638,695
-809,262
85,564
367,314
81,-840
227,-698
-222,470
909,-62
-51,-228
609,734
756,-393
-443,-451
-161,791
882,-116
-100,-96
827,834
-299,46
-927,972
475,370
888,387
930,-206
110,19
-944,-570
854,654
946,603
-376,-864
-563,180
-696,945
43,-204
-754,499
343,-521
100,-637
-153,-640
-403,47
708,535
-830,884
-955,-827
-215,679
546,-600
-243,219
-948,-195
537,870
866,-477
718,138
-184,603
164,172
-283,416
-599,768
-654,417
-216,655
-278,-656
-9,119
-12,757
-777,851
584,-48
723,784
-413,186
-680,542
882,-195
-55,767
241,-291
-491,-360
677,-566
648,739
-460,-36
-197,128
372,-614
258,-491
-303,232
-698,138
-855,-383
418,447
-954,-162
-543,410
932,-539
738,637
-72,-317
-21,560
-814,914
325,-344
-834,399
-270,-678
965,343
-31,508
30,421
365,-469
-289,-893
337,-204
355,358
-750,-628
906,398
428,-9
-915,269
-599,-764
647,-998
-880,-576
478,-369
235,-451
850,-600
249,597
399,-229
-599,-295
-293,171
-183,-586
488,-89
667,176
922,-369
-246,-469
-818,-79
281,375
-298,574
516,-429
408,-563
514,-8
219,-420
959,-900
-754,-243
848,-263
-46,646
-419,-752
-293,-622
-906,762
-463,850
779,-466
738,-997
246,-64
-609,116
-229,-399
-812,990
58,429
668,144
-71,846
64,-477
-814,-365
442,-157
971,580
117,183
801,152
81,723
-260,-220
94,962
-962,498
-300,-741
-665,-28
-911,981
920,289
-192,-677
341,380
584,856
-338,310
591,-511
453,763
516,-399
-957,-721
-910,-954
-764,-755
-897,327
264,570
983,-929
836,266
263,591
50,557
-850,213
-283,28
390,-231
30,-455
992,124
-975,269
665,-229
549,808
543,-738
-468,596
-857,314
-452,-42
529,940
-868,949
-367,753
-215,-119
613,442
129,988
-285,-264
-61,-110
575,-876
70,-960
624,-649
-145,-537
-751,402
732,335
798,-244
-961,932
-946,-680
896,-411
647,73
-955,-957
294,722
-58,-323
856,913
289,78
-810,-865
-34,-176
-570,-997
-178,414
-583,-809
413,-204
818,-706
-376,348
-359,-56
-202,998
674,-389
-27,-186
-300,846
169,-796
-396,147
-123,-951
71,100
-209,-203
-714,-206
57,487
-16,-183
-737,754
-818,-425
-781,-298
585,330
113,-341
45,-742
885,-1000
325,-622
-637,-767
477,776
-6,680
-759,831
590,960
621,559
-86,-217
906,-631
894,474
-700,-811
112,-615
566,-153
576,664
-503,587
-40,-218
-686,-858
-543,589
237,150
116,-822
-837,956
324,-915
-31,247
-518,625
847,202
-527,-374
-232,-55
425,590
-647,989
53,204
37,-268
-587,-239
-342,-649
961,673
427,412
2,514
-877,238
276,-472
-522,441
-602,723
-113,13
-349,-561
951,-931
553,-129
412,-122
663,626
293,-636
711,569
-92,-526
-428,653
271,51
-440,206
-491,7
-962,-87
-905,-33
-73,-79
-53,-446
-402,839
237,986
-23,538
815,-882
515,320
-218,430
697,584
363,364
216,314
-628,-634
-107,-580
44,537
877,133
611,438
-814,296
699,457
111,148
48,887
905,-857
867,-897
375,283
402,838
69,106
-415,-523
-608,-22
76,519
-24,428
-603,-743
127,51
479,801
-382,-535
-468,-282
-959,-563
256,-504
-418,-773
876,-879
803,-812
-165,-400
-130,272
317,-3
142,860
448,508
17,-938
654,-493
422,-694
-360,-226
161,-640
-175,-672
28,-754
393,-633
47,-894
240,678
207,-314
714,908
-911,752
307,449
-995,-956
-308,730
-96,-147
-805,754
-128,-634
258,-252
428,-505
686,-371
554,-208
-946,-714
108,836
-629,-172
-442,-369
-59,855
-570,-411
-628,396
90,-332
-739,13
809,101
176,349
999,916
928,95
773,-442
561,798
17,860
471,983
-791,-578
-472,-435
757,-739
-675,627
119,96
781,-722
-884,743
-782,-402
-656,796
386,246
-131,667
-339,82
-463,229
302,-147
-825,93
-73,-86
-136,-843
600,-910
-30,608
-993,-96
513,-81
-333,-450
-845,-229
128,-351
772,488
510,34
-885,-742
335,-355
628,814
-137,-844
383,-830
695,-309
944,-341
-335,262
-858,331
-471,-351
991,523
-459,904
-37,989
-39,-900
-755,298
-42,95
909,351
-314,-644
383,252
-348,-195
-656,59
-190,-104
-413,936
-656,877
-199,448
592,-37
-865,-258
57,337
-158,724
-387,-463
510,371
-978,799
-936,713
-472,562
-893,485
371,-170
-684,579
-560,-744
-976,378
559,-490
454,207
708,-265
395,816
-346,-650
-445,525
598,917
696,133
289,791
377,-535
-426,509
-44,370
-144,-632
924,-45
969,715
363,858
554,-688
-989,-633
-612,14
-57,111
-924,366
-661,158
-236,55
684,-373
-801,-630
-244,765
-592,-713
-620,-661
-840,171
-333,-814
-718,-760
-125,769
-674,731
-275,618
-497,-698
-13,958
463,462
-50,-438
-740,-71
26,128
-597,115
-274,-596
135,61
-860,-655
937,-633
870,-805
-199,-480
583,24
135,-329
181,-803
44,-912
817,412
-435,302
890,29
-642,-333
-494,-583
-42,413
-445,-959
-550,173
-8,740
779,-816
16,-856
362,121
530,-494
-37,708
839,955
-183,-579
-408,-540
-694,-276
-625,195
-702,760
608,241
-402,-856
767,-389
641,60
-761,-189
-493,-672
-366,480
-779,-794
-69,-340
440,-272
143,268
-595,122
109,-70
228,-657
-265,-487
506,-149
571,425
638,745
-435,-379
459,-507
-453,610
-53,423
-905,-982
260,-832
695,-533
274,-622
-952,-506
-567,959
826,111
-381,-101
795,694
573,182
-362,-933
-860,946
-838,-838
127,427
671,364
305,-336
24,-977
691,-298
576,-687
-205,-691
-824,-768
-880,395
-914,846
358,476
697,-958
-374,566
-122,351
179,616
-281,859
122,-935
871,-353
-736,-454
506,-590
492,-493
-497,144
-962,846
552,-842
-701,-841
-323,765
63,543
931,-834
245,703
297,-274
529,-578
210,-843
-837,-721
-517,-703
885,-636
-136,-155
740,627
84,-29
294,-662
-279,-122
231,-492
-386,-513
-214,170
-326,-819
-859,431
630,-401
-184,-657
240,911
826,-397
817,-307
-964,655
255,-699
651,-957
3,-688
-329,603
902,-242
316,-208
965,-603
-32,-906
455,16
-165,492
734,364
-366,-718
-117,-845
996,153
-287,214
351,758
-717,350
744,-433
748,-397
-222,67
-993,-527
423,67
-662,454
-216,120
744,551
366,487
-539,-243
-373,-217
-407,-750
796,235
-242,-794
2,-196
115,940
-868,880
809,413
771,-553
-705,155
-871,203
680,-658
-593,-57
292,-66
-558,226
409,382
850,409
-140,-469
-895,-756
331,198
-101,915
634,532
-670,-840
119,699
-899,36
-282,13
-810,871
-946,833
-345,-722
404,-996
-474,-586
805,-912
-755,45
-465,-197
-141,431
-464,-113
-392,-898
-986,400
111,106
767,-719
868,650
-360,533
-519,-838
-82,-754
-364,440
-219,169
992,-718
662,19
83,-255
126,-518
-121,-471
-543,826
339,96
597,596
-863,-265
598,-926
300,-663
110,296
722,-288
-505,100
-458,-812
-48,-259
-97,577
202,602
-820,-71
269,-387
257,-262
-437,130
-403,-310
-49,-530
-581,716
-469,780
-744,901
915,-351
179,963
591,-634
626,-522
600,-758
456,165
808,283
-661,-728
-894,440
-738,691
579,-768
162,1000
773,794
724,603
-979,-245
-790,706
-925,-958
296,102
662,-11
647,650
240,197
-226,432
-947,168
-107,853
-371,515
-758,-2
322,47
586,-816
800,-7
85,-274
-542,-238
-726,115
-764,811
252,-16
185,-146
857,-842
845,-1000
735,-986
720,-319
-636,212
726,-596
244,-152
-645,699
-847,390
-685,969
-221,-489
129,-30
26,-826
610,336
-224,398
251,-630
272,-563
789,-487
-441,238
353,-992
541,83
-895,689
-379,7
-448,744
974,429
-349,680
135,568
-901,-700
347,86
438,-216
692,-84
-387,281
-269,426
-10,845
242,-704
697,935
72,263
801,-975
-65,-966
-834,286
-735,866
420,617
-829,964
-241,41
572,-977
-209,-410
-885,228
-735,-697
-864,949
-781,143
-476,-86
-145,-26
667,-843
-762,-60
765,-178
594,-259
526,-662
722,753
375,-582
-43,-292
110,630
-908,307
692,909
-768,-950
660,590
382,-762
666,-578
342,-503
-66,-987
-794,-496
492,-810
-676,-155
423,323
-144,-499
99,376
163,-330
848,-806
-828,817
893,10
817,376
944,673
254,-349
-490,-625
877,-217
164,-440
772,822
-740,-610
-948,469
-603,466
-651,-126
-950,-638
-133,324
-998,-413
766,-199
20,947
296,849
-105,791
988,757
629,852
-605,906
874,204
-517,-481
795,-10
-411,894
-487,-515
555,100
568,395
858,-690
633,-835
573,855
-959,-236
-546,-160
778,-984
189,-917
314,957
-196,-494
527,-692
-754,-645
619,218
253,932
-328,747
-136,-452
533,286
659,27
812,-325
-177,-935
660,-442
-460,270
524,-293
87,-347
481,352
314,715
354,835
251,271
961,-9
861,-293
-730,-136
-34,555
-431,781
-378,-781
408,-443
-616,147
-172,-272
939,-283
663,496
674,689
-533,145
-705,-944
-128,282
-561,124
-454,380
-136,183
-663,787
405,-779
-13,160
600,-988
742,-240
228,397
-128,988
821,-689
377,681
746,-291
803,-407
554,922
-690,389
356,386
-180,457
-887,798
550,837
350,-741
28,967
-592,63
820,-880
-387,-516
609,640
908,-832
-710,-426
931,-59
561,637
-826,-175
168,774
910,500
-792,869
318,598
-105,-741
-381,-452
846,786
722,732
119,-532
-519,913
709,264
737,531
-639,-372
849,645
656,472
778,182
652,-230
-927,730
850,-803
549,-20
355,-623
-62,53
520,-938
369,-875
-660,897
600,-982
21,378
-170,370
264,-559
-518,791
-842,392
-495,51
734,-571
580,-280
237,-171
-598,20
565,-167
609,233
479,545
807,-771
115,-819
236,190
-794,-817
933,-270
34,-968
976,150
-589,-446
-799,402
-769,-89
-410,807
904,816
-166,-790
818,-286
708,-220
-470,432
507,-706
271,813
-927,666
641,-198
443,201
-245,-527
-671,429
-49,-911
122,-199
388,452
-537,-643
45,383
330,-393
368,225
711,-259
-450,290
41,-60
-993,433
-6,475
-725,689
207,766
697,-904
122,44
838,-96
-772,964
-849,850
-849,546
-890,-814
433,142
429,938
-637,-401
82,351
-472,-2
64,-831
-226,-453
-733,-108
-709,-444
645,847
-436,698
340,-778
-357,-71
-949,-532
184,-624
-854,8
77,-953
-236,45
497,963
-444,-303
-726,760
211,-709
602,518
626,255
371,-258
-43,-541
-82,239
509,-648
-607,-671
-530,503
-32,-890
106,234
234,4
156,-406
-421,406
-858,-935
521,101
-501,-962
-320,849
-612,-895
74,334
913,-47
40,445
-524,-149
-515,937
462,988
141,850
-468,-219
-899,-168
355,82
972,786
-262,-442
299,752
-138,316
474,805
-697,-99
-565,-839
745,-357
402,620
-154,-380
38,-608
-808,865
-571,-895
-910,753
607,-901
-396,-611
-349,-333
-977,496
69,-530
233,338
-625,108
-347,350
-232,-277
82,-430
486,-24
-389,464
862,-442
-287,605
217,703
790,-923
-414,787
-895,-519
480,819
-12,-603
684,-873
-55,-930
564,264
694,-371
709,269
589,-945
587,789
78,559
-74,-899
550,-951
-174,-256
364,450
483,-168
-864,-975
-606,-224
-866,752
-871,-586
422,-185
-30,-849
-732,-73
133,554
723,-12
828,848
-304,-522
357,-436
-761,-244
981,-208
771,-692
51,754
-950,-708
12,-353
-611,-318
-43,722
104,-660
32,902
-53,-817
-789,988
-762,-626
-366,742
464,925
182,-189
-316,517
354,-955
163,-892
-738,602
-607,699
309,-5
-650,-720
189,674
4,16
-523,597
-565,959
-222,708
606,-928
-566,945
868,352
-177,-315
757,385
570,-820
902,-198
-651,257
-347,414
-61,-296
-223,966
-593,656
483,-969
206,-399
46,812
-30,-977
118,407
-460,-325
823,859
384,-371
-1,900
-482,564
-152,-865
175,877
-870,-493
678,-76
821,47
69,851
-35,398
71,314
217,255
140,549
165,-669
-333,443
764,-188
-214,593
-220,375
-898,-929
700,-649
926,229
912,-937
-367,635
451,170
-287,950
584,735
-265,778
469,-213
-994,15
-251,-990
-269,-131
35,45
421,677
17,309
975,379
-287,-206
-18,670
712,-17
343,-372
-679,-533
574,297
-590,944
765,-999
103,-947
-335,822
857,228
-3,-435
989,-219
225,-177
671,-439
-322,163
-825,401
-140,-20
889,251
-941,-908
-787,855
703,-627
344,799
-291,-913
-465,34
-604,781
-877,-54
737,-474
-919,394
553,866
-941,-941
235,-626
-847,-521
-221,-968
-635,965
-185,-299
420,-33
-801,142
-296,-524
817,726
590,-971
400,578
-81,-373
-741,640
-333,-927
-484,347
646,362
960,420
68,23
-603,98
-581,-237
336,-604
-501,-458
19,-675
-144,726
-501,-924
295,545
-59,-272
657,634
-340,-743
288,-676
-587,798
-230,902
-680,-42
453,916
477,402
210,-205
-834,-794
325,265
282,518
326,522
917,-230
63,168
-207,-828
212,428
772,580
212,-693
825,850
751,245
-333,-90
-638,1000
-274,-602
364,-452
-612,411
-931,-23
-552,-891
-771,-861
129,-808
427,-422
115,598
-487,-822
-591,-458
892,-278
-306,-297
136,-282
-280,960
693,220
-421,209
829,685
-982,-238
508,704
630,-719
-233,960
443,575
-510,-574
-6,-983
914,98
386,-796
-834,797
-240,-127
-996,177
-568,-501
803,-653
-562,632
341,-331
-774,835
-643,-467
-905,831
-68,538
129,-587
-657,-637
641,-781
756,-5
425,154
94,816
434,-451
626,847
994,661
729,180
577,-865
144,636
435,526
469,-908
-812,-26
-58,250
469,-893
562,-69
407,-828
18,-398
-12,530
-666,-227
-610,447
130,-763
-671,-560
-497,-202
468,82
-219,203
420,694
152,177
152,850
-472,483
728,-353
-872,65
-5,-152
-205,898
722,-965
-39,-567
-365,476
-321,-725
-125,-399
-973,931
950,32
913,670
-989,-183
-636,-360
596,433
993,-855
-412,887
-57,677
-926,-130
-466,312
220,-283
827,-708
256,381
461,642
608,-18
426,111
-866,264
277,-314
789,-443
-66,139
795,-620
179,-383
-74,456
-388,51
-31,-459
-597,224
-139,897
-712,-559
-282,-690
667,4
49,-487
-793,-868
703,-842
-80,786
-779,-622
499,581
138,-824
-772,222
-158,-562
-90,-478
-596,-16
264,-120
395,636
-348,-406
182,98
-204,352
-202,912
-979,-440
213,-481
775,-311
-39,-996
-153,-331
212,-210
734,151
756,330
600,757
518,637
574,-378
672,-108
-689,127
-891,-706
865,-733
554,680
671,-152
-469,748
396,-595
-916,746
-887,683
42,805
-614,-641
973,-41
-519,669
-18,-206
-614,35
348,-468
-451,330
-858,796
-459,261
640,-486
187,-872
993,394
-818,-78
551,924
748,-725
72,660
-44,219
906,-697
84,783
650,670
-782,-390
989,-590
-711,477
394,-295
-458,476
890,-540
979,-660
-171,119
96,-743
905,-352
460,496
-169,23
-793,-587
-634,222
-732,-564
400,728
118,422
-865,-918
570,-350
-239,-216
913,-10
-779,440
698,195
809,-564
842,795
-229,854
-34,-23
-981,28
311,615
-388,23
-737,399
-514,650
96,439
814,-187
-739,-418
860,64
-400,-555
132,-341
-741,422
496,-677
-442,-908
546,673
-263,127
-330,-700
195,-372
-904,840
146,592
797,-967
-818,767
-860,118
-36,-72
816,56
-266,-984
-710,886
552,-363
-984,309
72,511
921,-47
105,864
-700,-594
-128,-862
844,-405
-622,69
-106,403
-916,763
456,322
438,-658
221,767
-36,-731
887,-947
-185,-535
143,975
670,-862
-369,510
-313,-14
178,-36
357,354
500,-394
8,254
564,-82
284,-336
638,557
-708,-618
-301,-277
-638,-364
156,-699
-287,454
127,921
589,96
409,135
389,-550
-287,621
291,872
-976,-645
207,-932
500,600
268,-757
53,692
929,198
-895,185
792,720
768,73
-923,135
-942,319
381,947
594,-79
976,-196
-871,-736
-713,-591
783,-690
835,-493
-253,973
955,-448
330,659
582,-902
834,-313
189,-156
868,-890
23,872
349,-145
231,-120
150,-462
-737,-373
705,620
876,784
874,-157
561,664
860,300
-774,613
-905,91
41,-618
-761,145
-742,-373
304,432
856,227
878,-688
-753,31
-434,-216
236,-396
-23,752
-212,110
-347,-591
-161,66
787,504
437,12
441,519
-847,-177
246,-738
393,297
180,414
868,690
-711,360
-523,349
667,-202
-610,893
-662,-323
-381,564
-124,117
-962,104
570,0
-338,80
-977,46
724,-694
-324,-722
553,-649
-592,-444
-661,-296
-815,-953
407,-423
607,503
-432,-220
36,-330
398,-999
626,541
-349,-705
-418,-609
-351,-124
299,919
-189,115
-613,-450
851,-693
-502,288
-133,405
781,-908
-694,610
-196,288
577,144
441,-424
973,-861
624,-634
578,-477
-804,-478
-101,-839
-630,-318
-330,729
-264,-647
10,749
-396,664
326,-121
743,176
406,-32
79,225
-239,-181
-122,60
564,970
84,-488
812,-953
-978,532
770,-592
140,-401
-60,-726
796,-673
-467,-850
-882,-510
798,531
204,382
-574,586
-963,-618
159,909
-659,202
710,493
-616,-284
-510,-905
730,654
940,292
480,-658
-797,-294
-476,-516
-362,-978
268,609
-59,-869
-781,-786
-174,343
802,330
-704,74
498,86
332,-495
-49,542
546,-276
-83,-63
948,387
-747,-428
205,-209
-780,-215
408,383
-819,702
856,-398
-774,748
165,-977
103,653
896,-15
-687,505
-377,973
49,745
-880,-176
-995,739
-575,-657
272,-982
326,-391
364,-605
110,12
984,372
594,-632
-910,21
409,-556
-737,436
8,658
-951,252
105,905
979,-402
25,-586
104,141
-441,792
13,-609
922,134
859,-445
-435,807
-799,-531
206,-453
577,-835
868,738
803,548
-950,-914
45,-753
114,-816
-91,-95
-118,1
231,-585
544,469
431,87
-787,-790
598,155
-636,-167
-211,-444
237,541
975,814
-239,506
-658,769
-804,618
-527,-503
-578,781
-598,-292
-877,250
-146,706
-951,-451
-822,144
-330,873
349,414
-418,872
984,633
144,325
-181,561
558,-17
426,226
-540,444
600,-326
352,-495
-356,365
23,-756
-460,614
544,-700
808,-836
-40,653
88,699
-426,-204
-951,-324
420,193
282,788
-747,-576
862,-823
32,-761
-289,457
684,-398
-286,715
522,587
654,-586
509,-447
887,-714
570,-809
655,-479
-397,323
-79,34
765,811
297,472
-459,-993
737,-948
422,106
465,503
546,-584
-535,-432
491,750
122,34
-230,415
-710,545
-862,902
-557,-949
627,-325
168,-100
-133,328
186,-217
-121,-558
-761,662
-178,-406
-42,-822
261,-811
935,995
8,450
119,-734
-737,-209
-437,-872
207,-492
-94,-409
-9,252
301,723
-583,290
278,889
-221,-694
227,-210
462,827
262,827
-13,-298
195,673
306,-127
-441,845
-574,649
824,598
-890,-107
-295,-277
457,-28
-241,-800
680,-348
135,-125
74,95
-531,-374
887,520
-275,-442
-324,-526
-37,-731
425,-885
-123,295
-965,-549
636,998
587,-395
16,616
-676,-772
327,738
962,-410
-995,-425
-554,-696
543,-594
133,-778
877,207
-650,36
921,-231
-66,30
450,559
842,-233
225,651
310,-979
948,823
-432,920
35,-718
246,-148
-895,962
-193,408
86,-431
-185,444
334,-104
-65,-74
965,336
-173,15
997,-560
-67,4
552,-259
553,-972
-629,437
-659,-947
351,-494
766,406
-851,-185
-823,762
216,-342
-851,754
609,-294
-952,-816
-778,-967
644,-788
-747,-686
672,137
-34,-381
149,168
310,652
-558,379
244,936
78,-922
439,-37
-31,646
419,-41
-630,820
-819,-68
-867,-808
-426,-512
-450,-611
-21,-96
-95,-929
-827,442
820,634
699,-151
-220,172
-393,975
-159,-251
-458,-541
214,702
175,-85
646,861
-729,117
396,176
730,423
652,-878
164,-957
933,-151
-599,-841
-542,443
164,728
-273,-369
-558,-640
859,177
-765,-409
-987,-956
-668,-862
-25,-44
-501,100
-568,-679
-408,-287
0,190
-239,477
-778,416
255,284
308,-18
696,278
-182,766
538,242
202,753
-769,53
-876,642
59,-801
159,51
165,-182
-494,331
-356,736
126,517
-789,-422
624,564
330,-457
456,-881
409,90
412,307
-840,-560
-227,-51
-248,-409
-812,661
-755,101
-595,-641
986,239
-509,-891
-446,-874
622,-460
-214,479
296,451
-43,680
69,687
-516,977
747,271
-17,-479
-976,-279
831,347
-611,819
577,-938
962,654
-326,-40
-629,-866
-201,286
504,-823
591,396
-685,-387
769,508
-854,-298
-467,146
555,860
-867,-296
-878,242
-770,-985
596,787
-683,-508
153,-118
-941,880
538,-460
-161,-444
-805,644
-687,191
525,236
986,-318
22,-344
-510,-855
-503,-205
-757,346
-931,9
-861,-119
-17,-185
735,833
451,-816
343,772
943,-759
259,76
-686,776
-588,-433
972,-384
-19,517
-477,276
693,-6
-458,568
-464,726
-680,203
-604,412
-548,401
664,704
23,-736
-902,-587
274,-231
-551,779
868,387
-938,-929
22,-769
-632,-239
71,-695
-538,-104
187,416
457,-713
-649,564
-18,693
-963,118
-235,538
631,572
594,599
554,51
-282,-673
598,-960
-829,-353
-84,222
537,21
-399,83
-36,415
40,-246
-806,-771
-660,-169
360,464
-184,420
-936,535
-650,142
-244,-228
-955,400
351,-106
-820,-976
926,-672
-99,-255
744,276
735,-484
681,158
828,-29
868,347
730,382
-287,-255
-76,609
-845,-725
-334,-318
-160,315
276,-173
947,963
873,933
-333,156
-711,98
-414,-990
-232,-467
123,-478
-697,26
-490,412
-738,348
-855,837
390,-198
-940,-945
836,130
119,-340
118,789
990,-716
256,618
941,-9
732,-814
-790,230
-445,834
-721,884
189,-391
-972,30
-731,-782
-777,-479
-69,-243
-322,360
-643,-399
466,-109
617,-960
-501,-118
407,-469
-359,-323
-776,-960
-792,809
396,-855
-853,-591
42,-38
142,83
-213,-642
-493,-745
792,260
563,163
-273,416
-50,797
1,-87
167,874
723,-165
-180,335
401,-507
-187,-240
86,942
-906,-978
23,12
-927,938
-209,360
-756,-967
67,-582
507,-54
897,-234
-153,-261
-364,852
843,-183
-667,119
-87,236
-56,437
107,-685
835,930
-279,778
-991,703
-562,392
709,-12
-438,99
-590,614
-665,110
-601,987
-371,333
27,432
-984,-518
570,-20
628,-328
-958,-712
443,-583
-701,733
-493,-234
234,-141
475,808
792,-611
-554,-911
796,-137
810,-988
610,-980
-593,-574
-156,-122
-573,-407
-818,-295
985,-729
-903,304
17,-80
-300,-69
-772,-89
671,-984
977,-955
596,-796
229,-81
-472,-289
616,-107
0,674
707,-908
-995,-247
10,-306
836,-12
-381,-358
860,478
77,888
-424,-192
225,-846
952,-676
-396,874
-951,-353
719,320
940,953
-931,50
463,-186
617,-479
-422,134
-924,-221
511,-431
619,-290
186,-930
-553,568
510,173
993,355
530,-184
520,149
-833,294
982,-691
-113,-547
861,464
-946,439
359,722
166,-614
-521,-370
447,248
-915,-508
-802,-725
23,755
746,-293
-673,-741
-302,439
481,-200
-572,701
-832,-443
-765,264
-231,-692
-310,-281
983,-745
763,648
-779,274
241,49
-734,-117
-881,-891
-976,954
643,-139
-969,827
595,532
-176,355
-179,-840
998,252
986,-147
6,-619
-296,-931
111,-717
-688,-358
-374,755
18,-601
679,481
-399,-589
-887,-814
-467,-114
982,-430
-252,-222
939,894
618,835
-137,163
-873,434
902,444
296,-536
452,-67
-995,353
-862,-494
-962,763
-336,-661
134,240
-356,-492
-328,-93
844,-976
-556,316
-144,938
-114,133
-44,-218
337,-636
482,141
443,58
-279,-336
536,395
610,-913
926,336
620,438
-162,299
-154,-482
-531,563
-793,682
-790,750
342,-929
-384,-380
-425,-309
-494,811
-405,851
728,270
-695,-685
-804,-946
746,642
-251,401
-36,-856
-951,-62
-175,-147
-641,102
-9,811
200,-316
-851,156
945,558
-227,-666
-100,671
-315,823
-559,745
-26,-491
463,-427
-71,877
763,696
-592,-250
518,-531
533,371
699,-634
-945,-348
-674,304
496,-694
-80,731
652,-331
670,-714
-714,-970
737,-729
-224,-69
603,708
485,238
34,-317
375,-854
408,681
-155,-735
-556,-346
-389,553
358,-188
-383,908
284,-229
-999,-797
-103,833
-919,-286
108,716
374,-630
-900,821
-279,-116
-257,-45
-79,146
738,-948
258,895
855,-7
-240,-835
-816,-815
-43,576
-431,-209
-475,744
331,-253
236,-88
858,90
499,286
800,972
-55,-587
-427,-447
-314,-4
-723,608
451,721
513,310
-680,728
912,-161
-261,656
13,989
-781,269
165,408
-909,664
-844,-630
644,831
-188,-28
203,935
385,-283
-584,708
-170,-493
-508,836
-955,-730
555,364
-229,-671
-735,-241
686,997
-362,769
-153,543
529,-492
789,-189
-107,126
-72,336
-698,-614
-587,-419
49,-162
-682,-201
-179,-364
-397,-709
262,-361
-291,453
-727,736
-70,652
-584,594
174,-247
374,-510
-33,-378
182,-72
-883,536
901,260
-152,-487
359,929
-475,-833
365,-197
38,-469
392,-378
537,-441
910,14
-994,-657
127,321
796,-171
-662,-730
925,121
-49,-746
882,-85
-435,-205
102,-430
-756,-845
-451,200
182,1
-714,-480
-54,200
295,-331
692,606
823,-37
734,395
436,292
-763,122
-989,-81
515,335
876,673
-617,625
-351,-48
-270,211
-394,13
468,192
-120,-937
48,735
88,16
-63,190
880,-878
-183,-778
-104,-518
774,45
-199,-978
40,-786
807,-406
-139,-608
-463,-667
945,-678
833,43
-124,-305
451,-345
-60,-225
459,-361
751,-931
575,-610
-762,575
-545,-185
916,-610
-992,-893
-946,-955
214,-501
-903,-244
-725,-236
-780,-258
-623,-493
647,-784
-734,128
109,712
182,167
507,832
-275,-472
126,196
420,222
598,-699
-772,-729
-173,-215
758,825
273,-751
-997,460
-301,-14
-235,-463
-526,-568
-178,787
211,-761
-608,-999
-700,810
361,-157
-374,-748
193,498
-620,375
-975,-511
-749,-836
-222,513
-478,-38
837,-866
441,4
-300,-369
606,-68
733,763
-908,-595
-62,156
-311,378
-476,-385
-778,890
915,-673
46,220
664,111
-633,-131
-184,199
242,917
973,896
-731,554
-205,-831
-131,-749
489,-560
-61,423
487,278
-139,-477
903,-677
865,946
-72,430
-206,-941
712,-676
-895,-221
660,673
354,-281
-636,164
-232,492
-145,-355
409,774
287,625
-203,244
64,-475
543,744
-722,636
-246,-253
362,-218
268,926
40,-760
586,560
-583,-145
-825,-216
-160,-650
235,18
815,561
155,-662
-716,609
-124,517
-10,-513
392,953
139,-280
-847,568
39,761
392,862
856,-62
46,999
-651,442
-959,855
943,609
-259,-511
-820,-695
-614,546
419,177
762,869
295,-320
383,660
-28,-583
336,706
651,746
-313,258
607,-96
-128,-897
-585,-274
1,-845
-705,-460
-311,182
-47,-997
919,-878
533,-64
796,881
-120,-417
912,-955
788,868
-655,-441
543,994
-835,732
1,950
-659,-429
-683,-939
638,570
351,246
-635,185
-216,201
497,60
-854,694
788,698
899,266
475,-463
522,196
-976,-689
201,620
180,672
-677,369
-395,-270
-646,-736
-612,-745
-908,737
200,706
-617,860
-771,672
68,170
-139,-274
701,-681
-407,544
22,-818
542,349
-774,-494
485,-410
-551,-330
-330,-207
129,-309
-558,-966
-818,-104
107,-945
823,-256
-642,91
-49,203
-599,-604
803,818
541,488
592,62
606,-784
-225,865
-603,573
859,947
-668,-561
703,144
554,-315
-547,-878
-773,151
-79,842
-533,-544
-565,682
247,126
296,-604
-205,-936
58,-485
768,370
-550,-935
-764,-152
852,-52
686,-21
615,216
700,-612
-499,588
93,449
7,216
-62,160
509,603
860,501
474,116
269,-939
-349,880
-828,-717
676,-976
659,802
-105,468
640,-540
-941,62
-677,-780
745,201
-309,504
431,-578
-399,893
-511,609
-103,833
479,-355
-314,683
760,636
-896,-549
-500,-898
14,752
946,666
71,-337
-912,-956
-880,332
-128,596
-175,-130
565,200
-131,-266
-738,438
614,-672
-726,-549
17,-370
526,-512
-469,-116
-819,388
660,248
-4,361
680,167
-228,792
767,888
380,-93
772,309
-370,-288
837,-229
-565,-207
-920,575
258,588
516,668
-66,338
537,-166
133,663
24,-267
-658,142
941,145
-229,-133
347,-361
741,166
-192,-285
359,308
680,813
132,262
646,225
226,686
-638,913
995,-218
-243,685
452,409
-960,325
153,252
147,297
674,621
-951,-714
-43,467
640,711
-843,813
-909,384
449,931
-612,-50
130,-55
42,-638
-843,-310
841,-269
-8,983
44,635
-788,-640
-171,-953
-857,763
179,464
144,572
-672,-291
261,756
478,95
-850,435
-225,-585
-878,-714
167,-552
-846,615
-324,-138
950,-114
-542,118
-212,-115
704,855
-410,-778
560,-270
-659,961
-526,372
823,-599
225,463
858,-893
374,-795
689,669
-434,-651
-310,975
-791,-467
831,-116
744,-475
255,-238
-470,-277
-327,-499
-22,616
-353,337
717,387
-546,46
488,517
-552,664
-102,153
-45,621
360,-828
-525,-270
638,93
445,-711
607,727
478,-638
91,-353
-285,378
64,543
229,868
-414,637
-472,197
403,583
666,-400
-521,-489
-689,914
369,26
-42,98
118,-713
-875,-591
-209,357
-489,661
193,-672
624,998
292,44
-650,146
496,730
962,-244
-364,-454
210,-351
-659,393
189,-321
-243,-526
-766,-940
-302,944
-655,-479
-952,381
-170,352
710,998
380,786
-222,961
-740,809
-240,-515
-303,-66
554,-514
31,-560
-497,-729
121,806
825,-85
600,-149
607,-844
538,-13
-572,688
-108,255
-898,975
64,-31
606,612
-727,104
-145,-70
-335,-678
240,564
46,912
909,475
-398,984
776,-465
927,-715
198,-811
195,49
-777,-512
889,583
499,539
259,972
216,540
252,608
-7,838
-696,-638
920,351
-211,951
-638,695
536,741
966,-794
2,124
573,938
-877,582
-459,-224
450,-696
-477,299
-983,-63
-144,867
-265,243
890,977
-264,740
-446,-447
-763,-291
969,872
528,-84
-524,952
-177,750
470,586
477,-528
-879,448
976,879
26,-531
-915,-133
879,814
404,-717
-687,-174
-200,377
-981,46
701,-444
545,109
-852,847
-44,44
944,626
786,729
103,-510
186,-240
-493,-301
289,-125
-772,324
-533,-321
198,-843
460,613
439,-499
307,998
592,374
-905,-514
584,-508
175,134
563,-108
-405,100
640,804
-373,-951
273,-799
-451,-309
-194,70
-697,182
-135,-785
298,22
-639,-719
341,-446
514,358
750,165
-269,-2
-455,472
819,103
967,677
988,388
443,205
-835,-480
170,239
-771,108
475,-402
-304,-691
812,-316
-675,172
299,-149
21,-664
487,894
-99,-179
-879,-467
2,390
-540,-293
-262,310
-437,977
-985,460
-902,-513
-160,457
164,-522
161,-447
306,889
-276,-845
103,733
713,-328
-468,-386
-484,154
866,854
-616,-741
255,-931
454,150
-586,-333
792,255
27,-894
805,117
465,-401
705,226
386,472
-770,879
466,882
706,-351
-21,389
-134,807
-5,-117
306,-203
877,-98
-853,328
567,647
862,-335
-186,-819
662,-129
-259,-663
141,286
-189,-742
-426,50
-988,293
-14,435
-165,391
-617,-489
342,-354
479,-755
383,-209
-888,-367
630,973
777,102
-134,-440
-620,-767
59,618
991,-351
-470,-898
-34,-982
-557,403
-4,-243
-830,850
602,-534
-163,-235
-432,-764
619,607
-95,477
-316,2
-169,245
-392,-126
223,202
-402,352
724,207
187,-128
-725,-976
-378,-532
740,240
-162,-206
-18,-427
-114,-86
923,557
-412,-273
6,-169
-87,691
264,675
66,-381
787,318
171,-940
-357,-960
796,795
105,592
-808,547
-252,-496
-501,-156
300,90
-955,-71
-927,-56
597,-948
917,-673
-822,-569
-890,-821
-594,281
-796,-137
-638,243
911,-857
653,727
324,724
384,-800
-117,-630
761,-102
86,343
639,943
-391,-843
-952,379
-744,982
44,-300
-67,-153
650,36
218,-659
548,385
27,935
637,-784
469,738
-687,897
240,56
-244,157
-747,-657
-890,-762
-486,306
934,634
-673,-430
60,-695
314,-834
332,251
-613,-518
-28,163
245,522
388,-280
549,-859
776,304
-696,641
-589,-781
504,332
-369,345
507,-674
721,347
611,175
-580,-189
837,-833
-515,-604
637,249
-309,-13
237,-346
-147,-693
157,-675
-885,-597
-700,-320
-860,-756
-859,85
718,475
618,-54
-468,-203
398,-46
-692,566
-431,-179
-58,-179
596,-534
-76,941
-59,-164
486,965
812,454
-6,514
-739,249
-213,-725
729,577
-953,-273
-407,-997
-737,-122
-823,-133
-409,-958
58,-244
784,718
147,-268
-948,40
841,322
50,840
52,-336
281,243
178,-789
701,-266
256,27
712,-755
282,-374
245,-97
245,-902
-248,953
356,-658
-503,-972
-121,234
457,127
220,751
-635,-485
424,188
-296,61
934,366
-651,704
-39,-881
979,-975
-756,885
757,144
-152,-800
-481,944
-466,606
183,-152
-387,515
-436,-327
-148,-89
-571,717
-69,-511
686,289
-901,-171
549,-424
307,446
-13,-731
-963,-702
-682,374
-225,-264
-976,311
449,-681
-217,387
567,-570
-276,504
144,563
-164,819
147,-137
809,885
942,-449
-53,-76
117,533
-78,146
734,-108
275,586
997,413
222,372
-823,-646
651,-466
-169,-235
-441,692
262,860
547,-419
368,-564
592,-935
-828,-450
719,246
52,-214
485,231
714,-415
738,-966
798,970
616,33
645,269
87,-482
-302,974
490,-228
859,-321
-385,-694
-723,-219
-479,866
-774,-318
878,144
-417,558
796,-155
-966,505
486,-914
838,-561
392,636
-556,-122
-472,797
-293,376
-557,247
103,-193
852,-634
135,804
983,0
470,-895
670,-221
-958,201
622,236
-832,-477
-302,386
-284,-932
-383,584
-68,138
747,748
89,257
633,-145
276,-56
-396,222
-404,-364
-527,-208
-452,101
-527,-501
-544,-484
-422,-208
-169,653
-269,217
642,-588
-352,945
-921,189
815,-574
-765,-87
-687,-500
967,416
659,-717
812,-697
-772,110
836,269
362,-35
-423,-596
211,566
-665,-500
-953,776
-107,-36
-161,-816
910,279
881,378
209,-254
-104,-623
-739,132
204,-564
-505,-451
648,-514
430,-834
800,718
87,874
-624,-134
-319,-377
-233,-881
898,-835
567,-853
645,-433
321,-542
749,-409
-586,-228
-356,603
132,810
-120,-501
-991,377
847,-213
-601,273
-110,-888
187,403
-390,600
-757,9
31,-750
-38,162
-388,634
-15,222
313,-200
232,951
245,360
395,896
-716,72
5,586
724,466
-137,-374
-734,924
-273,614
96,937
796,-977
-259,401
291,318
-995,-677
54,481
587,979
-267,147
389,387
-92,-273
-171,600
794,412
-261,-674
-380,-253
736,610
867,-465
210,488
-486,-100
-948,-276
-912,-253
-392,-58
34,201
-578,-803
-472,-628
226,-107
167,960
-146,-24
511,-507
-711,820
-730,-324
344,-354
-201,-347
-662,-220
921,-854
-383,477
589,666
375,960
524,-877
645,-339
130,277
191,-238
975,-891
-936,-440
-649,880
-913,203
601,350
-677,579
872,-571
-113,886
-225,465
-360,-291
751,-12
-392,855
323,930
220,153
-551,-761
538,-625
495,-692
-939,-757
200,-927
-430,-934
-837,-247
833,978
453,-554
894,153
-78,570
-913,830
142,-885
329,828
-75,-630
-230,-957
-397,-11
-140,-159
994,-189
467,-669
-547,-953
267,744
-429,789
-4,228
-563,758
226,-674
405,-680
249,-416
-169,581
-940,-766
336,-712
-838,-979
-91,567
-119,720
858,8
-843,-287
965,249
-2,77
375,661
670,646
210,-342
924,-49
-904,203
663,618
-879,-244
451,-424
-106,864
189,-642
361,-610
927,411
266,414
-379,499
-717,528
300,613
568,118
-438,650
471,243
907,281
-927,138
718,-500
-379,-503
170,-401
208,35
742,-560
-531,-426
843,-101
-341,938
276,107
-562,-227
-288,-497
-685,-625
979,920
-277,-339
-699,98
-838,-756
858,-719
-930,823
473,-469
-5,881
-174,136
633,662
79,-288
-645,273
-646,225
452,-736
842,22
-575,-665
-37,-753
-864,-504
-673,-175
775,-313
-112,711
-598,912
-40,808
-668,604
878,578
-145,745
124,-48
765,-852
-480,101
405,57
-926,-129
277,-235
86,63
-384,-338
-131,-710
-640,137
-759,-936
-123,138
-82,0
-339,219
-661,-596
914,423
367,-653
844,-453
719,-526
-281,-117
365,966
998,-625
-621,-368
-241,280
477,316
499,-763
-711,975
107,287
-441,-728
-690,-271
820,1000
121,-986
82,678
-625,-678
-620,-605
203,620
818,-836
-570,-63
214,-802
160,-159
-501,-948
576,-574
715,-129
-769,-455
-689,836
209,258
-769,-240
-202,31
-879,604
-465,-530
-840,299
-472,23
-848,117
-869,-736
-289,-777
-429,131
-127,483
-656,-858
300,896
764,533
-844,911
-804,-623
-875,304
-143,-145
298,-612
828,388
-386,691
-547,510
917,-618
-31,739
-641,518
450,-729
565,391
-757,216
420,-944
345,221
-265,-90
237,-953
-308,-679
-391,173
-870,-958
38,-979
-757,897
229,95
-516,60
263,-45
-461,597
-332,-943
5,-932
491,877
5,738
-991,-156
-332,-437
783,177
-411,507
434,-528
94,-539
-453,-73
70,269
-819,333
232,-904
-833,450
-850,-817
360,-320
-348,-872
906,590
942,-72
-681,226
-413,-818
72,393
694,582
-895,663
-964,965
-870,-952
182,-353
395,-921
297,397
803,677
-671,-828
678,452
265,195
906,-664
467,-395
-24,370
999,-147
-436,792
-931,293
-157,-440
890,-619
-14,71
740,-355
486,344
-160,698
497,-163
220,632
58,-602
-747,-138
875,-559
-661,447
574,221
-847,848
848,-689
67,38
255,411
175,-610
618,-120
-561,679
-619,506
-858,287
-427,425
779,487
574,-716
-813,769
-208,621
67,275
433,718
312,848
-672,84
-677,548
830,212
-966,-789
56,440
-934,-908
845,-670
-639,506
-353,566
-243,-264
-385,-115
886,-980
120,672
23,350
917,-682
148,803
-715,-623
-46,490
-484,873
132,407
585,70
850,357
77,830
636,-850
209,40
-385,364
512,30
-250,-940
56,870
-407,419
793,950
-165,-849
828,376
-298,-429
634,-252
-598,39
554,-629
-507,-658
-140,145
-286,662
-276,259
-153,-967
159,608
-936,234
-848,-59
974,-675
385,-468
-507,822
-376,814
627,125
-306,-583
-916,55
636,583
515,380
717,-413
843,690
-83,-185
352,513
788,-167
232,-945
42,362
-732,776
-769,-370
-851,209
440,241
950,-491
602,-886
-131,88
-2,70
-29,-8
365,286
685,363
759,-646
197,-360
-786,-151
-914,69
-606,182
356,644
75,-868
-170,-779
-734,-714
-68,-555
788,-540
-97,944
-607,-99
22,521
819,-473
-605,963
-623,-942
-959,974
-948,-397
302,360
594,964
-225,712
-270,-480
-228,961
-49,253
-280,-67
84,568
-764,-408
584,-760
-320,-190
977,-958
959,860
467,706
320,789
-127,604
377,910
396,878
572,493
5,-437
-79,-550
-41,161
376,-854
-48,893
493,98
943,-471
79,-573
337,319
-343,452
-898,-974
-140,-868
119,104
373,-219
401,-671
686,140
628,-651
201,661
52,-976
511,-862
688,66
-652,819
-455,-712
-876,-56
-131,573
496,-546
-504,472
706,-766
-36,-528
-996,740
838,-682
38,303
638,-892
-399,-105
539,114
-275,-373
-482,-778
-598,197
-532,-164
-857,521
700,-489
-648,-371
35,346
435,353
2,-240
-958,-831
-49,374
-778,982
-288,-428
943,-971
-105,-923
566,857
-766,494
-889,399
-229,101
-56,912
-130,945
370,-503
-976,-955
-580,-120
-973,-89
-677,-836
-826,-268
56,-648
-254,588
330,-131
812,-538
712,461
139,610
619,-460
634,-535
-881,-533
915,-613
645,811
-84,721
588,480
-813,20
534,-265
287,-89
-851,582
809,-451
-43,-124
679,-833
-81,-218
-139,-849
-69,121
832,-577
420,-966
-117,-41
-245,358
-57,213
-254,-472
-558,124
901,-474
714,437
896,-782
152,-287
-518,630
-800,-866
-470,-586
-936,963
-885,102
70,2
925,650
-64,-157
-884,812
-636,-602
333,444
400,-160
416,345
-569,193
64,-575
684,656
-206,-365
-105,-24
701,-726
549,881
-841,-316
-203,-502
-156,466
178,-191
-262,-53
931,956
496,342
297,746
-628,177
974,122
-21,644
899,724
-74,858
-463,168
-565,381
68,943
236,-524
-210,-398
-752,468
721,-925
372,-164
112,758
-285,-195
845,-695
-6,-365
-720,-867
688,-156
-798,336
-51,282
-385,897
-867,-390
571,-915
-873,163
-5,-13
732,906
-92,-817
600,363
907,340
-58,649
887,-362
-958,-801
-712,-227
-287,-223
-897,-381
994,-239
-204,-743
-310,-50
354,32
-738,-923
984,518
-5,35
-519,-224
690,729
-72,165
-40,970
48,373
-171,209
932,364
-317,152
759,25
-315,137
138,979
-766,813
783,-820
-388,-177
349,-999
-47,81
-498,-457
-413,-763
12,-20
155,312
-953,-896
-188,-665
-992,-586
386,-702
161,298
-136,-327
577,-939
-434,144
584,-609
-562,-835
-377,-36
-144,-594
936,394
67,-980
-348,-135
373,418
-575,46
-427,373
-509,-579
-32,708
-143,-961
827,-5
377,-848
406,-130
-362,-948
569,256
-285,-35
665,-672
937,-878
-76,414
12,-615
-59,-110
-334,973
-923,-105
585,-538
53,-153
-135,-216
718,584
-83,773
65,-385
693,501
966,-425
1000,-120
99,655
989,-664
980,584
-27,-228
-21,-811
634,24
260,-57
-6,-109
705,562
-313,-877
727,364
-866,621
478,-828
660,643
-804,763
-302,-682
-466,517
822,687
-990,-962
-720,-674
849,-637
-902,38
-655,-733
-243,333
112,46
133,995
665,-760
13,-16
67,741
-298,-13
-993,690
-182,966
-177,-885
-869,-519
-702,-131
-404,-331
-184,-775
-522,-419
436,966
959,544
-87,823
570,862
-37,-881
197,62
916,-62
249,889
-625,-365
346,892
-758,455
628,944
-349,597
-838,-222
-739,644
-929,347
852,488
-529,-37
-987,381
-833,-363
98,197
926,210
191,-759
-368,-418
979,-38
284,259
953,300
183,515
-886,473
218,-386
740,666
891,-876
-807,31
867,-419
943,-730
26,537
-61,-721
50,396
127,-101
540,521
501,-667
-494,411
799,-265
-237,-156
-46,602
-6,-566
79,855
318,861
-415,102
129,-974
-862,447
88,629
-436,757
215,-406
-737,890
-175,-762
322,-756
-64,25
702,-480
-212,-665
-492,-517
367,92
-337,-373
675,-86
-122,639
766,463
-297,759
-983,-613
-554,-239
673,-680
-275,-339
-382,145
827,467
609,-137
760,-628
139,405
-999,5
-436,-598
-952,-70
241,-173
-431,749
655,-47
-951,-420
-852,-219
-700,-745
386,-276
322,61
711,-122
-522,-70
926,-112
-322,822
605,-44
-606,164
798,-643
-5,-300
315,689
960,53
231,-748
297,-502
-422,-753
229,490
109,9
-73,-418
31,31
823,619
958,286
368,764
337,-243
659,-106
-746,740
158,399
-393,28
744,-781
269,773
203,-2
-493,52
587,-195
-343,273
-90,-908
416,-917
944,368
271,-466
616,-665
-269,975
177,210
-423,-710
998,-951
252,-411
917,-490
211,122
-900,-95
754,282
-276,901
564,-865
-25,418
-480,-227
-694,980
-404,-215
-114,-903
996,-608
-27,342
-777,-633
-407,469
209,89
-481,298
-478,274
-768,-485
-710,-964
644,-29
-523,-226
579,-273
489,529
166,-894
237,-517
714,-906
-436,-191
-924,-35
786,268
-108,466
-136,627
-359,-726
25,940
-286,-626
785,270
-708,450
950,529
295,-123
-111,255
293,72
-430,321
-160,667
641,-915
-299,318
-726,-369
9,-819
-213,216
617,-207
-131,29
-879,786
738,-320
104,287
908,644
519,229
-385,-507
-573,-276
-795,392
8,-272
-630,908
-548,-338
-922,-626
-919,-43
-246,-204
142,-382
-286,560
-370,-104
-948,485
665,-242
613,-22
-786,-140
-588,951
504,-595
269,-107
-708,739
801,-912
-135,676
-199,-680
15,-564
-362,-898
-237,-705
121,640
-586,173
216,-673
-337,-737
-395,-911
-431,-961
528,-670
-111,-395
568,-971
19,955
-282,-819
910,646
925,-226
-16,-150
899,-709
-710,500
-877,872
204,611
-230,-698
549,642
782,646
-336,-184
-475,-111
344,140
-804,-355
736,213
-227,626
-600,901
338,545
-790,-231
-669,-569
-901,747
21,-536
-742,665
557,896
-443,906
-756,769
-435,197
-957,-698
31,718
-164,435
55,-280
256,777
465,793
-98,213
-277,721
638,-97
-509,185
-152,721
-949,510
-20,-653
-961,116
200,-390
683,622
613,34
601,-167
-880,-205
337,593
633,481
945,690
-784,533
-940,-222
-210,-580
372,-875
636,-70
357,-324
16,-859
716,-134
-457,136
681,733
232,126
-18,194
-165,-442
503,540
-403,-649
-628,539
-105,490
-417,-82
-323,-339
127,810
-395,-286
370,993
-11,-318
197,151
77,-349
821,171
236,758
127,611
-168,738
467,746
-905,949
-115,259
-658,780
570,91
482,805
-928,661
266,-10
-539,-944
569,-282
-547,961
-814,-462
646,-770
-913,645
-815,-52
43,254
562,-619
-897,289
-220,237
886,-957
18,-85
834,339
-979,-369
937,-413
934,-290
-649,819
124,178
-55,867
872,156
878,961
415,342
159,-469
-757,-542
-112,-203
713,-216
296,173
-789,646
745,609
-818,-246
-733,-685
598,-70
-847,-277
242,-666
178,-346
-195,851
779,-494
914,299
193,917
246,-717
955,521
651,654
-895,427
-28,-15
-186,-216
-104,-390
-463,988
-480,-674
-521,565
-91,-3
-368,-15
834,-802
113,756
-645,130
-327,454
-96,53
192,-893
572,293
688,236
-497,-768
259,359
89,444
-884,-638
166,-618
-942,-918
1000,917
921,-997
-439,89
-423,339
-895,-627
985,-528
99,654
922,-229
979,-800
-877,-552
-657,498
386,312
-320,137
986,-884
-459,420
94,-652
943,405
913,-446
-414,574
-1,434
-148,177
749,-924
-59,-667
-181,-210
174,-187
-1000,-660
898,549
691,247
-86,785
912,720
954,-375
193,336
-241,35
265,-668
-973,-996
478,-950
-47,-126
-690,-205
-38,356
373,655
-116,339
5,-211
402,915
-331,-227
-969,272
-902,814
-220,603
-250,-428
659,997
-918,559
657,-235
-583,219
-259,243
-249,110
-744,876
772,-999
458,157
480,-905
-231,649
862,-321
-431,387
-717,877
-952,474
792,-284
141,189
-742,-950
-171,-392
605,930
833,839
956,937
-918,-153
95,-656
763,43
984,-46
-489,-450
-82,616
299,-169
78,-818
-709,-351
-594,803
103,268
471,606
-973,440
146,64
771,44
498,644
986,479
-595,-88
485,-476
994,-390
365,-488
141,987
39,-596
564,665
-33,-83
641,978
664,-564
-266,187
518,268
317,-774
407,-722
-195,75
932,447
291,47
-158,131
117,-887
540,-365
-370,-612
-906,362
-66,-451
764,-761
861,-412
364,-795
830,-980
-972,249
221,-968
444,-393
-915,-710
314,527
787,371
851,292
-919,316
-306,-15
296,739
118,25
80,-357
-58,620
419,-30
96,-981
-628,-129
956,181
-682,-216
763,489
199,-93
-557,240
-434,973
-140,-923
-942,-300
515,550
24,-738
971,-918
206,-121
113,-251
-517,313
92,-271
997,-11
778,-2
-299,-893
445,-191
604,322
16,-286
-906,-142
520,405
562,-194
-462,939
944,966
-837,-266
816,-712
-302,-613
596,443
-313,596
-228,-227
82,89
456,513
-204,-352
-717,-460
407,-546
153,-413
32,-435
56,243
183,-848
440,-481
-399,-862
-802,737
52,-369
-629,876
310,-444
-720,820
-53,-83
-276,985
13,-847
818,387
-613,-116
108,-796
-310,-976
-944,399
471,-904
-116,466
-308,326
643,887
-730,496
180,283
-322,81
-300,769
-883,-2
956,937
-468,-769
-108,520
-187,-421
682,569
-717,669
-837,834
-969,-349
8,322
-255,-41
685,-281
243,493
260,332
826,982
-308,-813
-268,132
-760,-103
-225,176
626,-342
746,746
-734,855
965,30
-717,-278
786,-148
986,9
636,-195
-332,862
-111,1000
-934,-293
-905,-845
298,865
462,62
-414,-437
-315,-921
229,-456
-305,-723
-357,489
794,403
-328,-600
-254,880
648,-194
-433,-314
48,408
-886,-908
-679,-550
7,487
493,-824
424,-813
-202,417
197,363
682,-439
-50,118
840,-487
101,833
310,859
-747,127
42,648
-966,-842
-820,217
-698,35
278,356
-103,-570
173,275
512,732
61,408
-932,-60
651,-436
-210,627
160,304
724,202
-20,757
-930,-340
0,-517
-426,-598
990,528
-957,-90
665,-218
-295,-42
878,-198
-163,-609
-719,-214
-793,-228
986,405
-125,-718
-141,-101
211,-503
-757,-587
641,-958
-723,557
669,400
70,630
116,737
-992,-916
-966,-832
981,15
490,-686
930,-946
-77,-915
38,-428
372,-960
-697,-647
-453,586
-661,356
358,-623
31,298
933,243
-659,76
-163,71
493,332
-522,-98
-206,-538
-716,-797
-917,-878
100,-333
-47,-183
100,-945
402,422
-114,-683
532,-27
155,-151
496,-883
-956,-343
-458,-751
-684,-358
363,476
231,-657
792,-518
538,-43
-698,291
744,-224
-435,30
-295,951
186,-824
-314,200
702,521
183,-883
664,57
849,-90
-574,-822
-677,41
677,-109
938,-590
-686,350
883,760
670,888
433,-296
-594,155
-728,781
778,-631
-70,-981
31,777
-837,835
168,-761
-780,-41
444,621
-502,342
-793,430
904,380
177,-407
-664,-18
856,860
482,-203
481,-310
-297,631
-522,-167
648,-902
304,-181
-248,525
-84,770
-164,411
733,923
-484,-552
-145,-869
-386,447
-860,-649
-881,-706
43,-379
-418,61
-97,-177
155,-423
479,-804
-537,-880
993,-634
885,-485
412,-404
-40,38
395,700
159,-935
-169,-775
598,-930
-848,-131
963,-476
-107,-881
685,590
-644,-220
-10,997
994,-452
837,634
792,-785
303,639
-754,582
832,-802
181,630
658,-725
-399,453
923,-240
-512,456
-192,707
-708,-447
297,898
721,-42
247,454
868,-987
997,-218
8,951
-635,-422
914,411
-263,-782
829,-288
-617,-368
-755,-926
-784,797
239,924
855,978
-902,-742
573,695
409,917
979,789
21,-193
274,-622
964,-852
630,121
-535,-758
-794,5
445,-281
-923,615
-898,679
46,-300
-657,855
-408,-217
-991,-227
60,-737
705,242
-731,866
-127,-299
-402,196
80,946
-55,-387
-837,904
492,922
-205,-392
-243,-700
-436,-355
198,967
84,479
131,761
494,110
-776,-560
-625,-415
-469,291
-880,-817
-619,-589
633,891
-22,219
-657,952
-430,821
671,202
834,467
826,386
-462,456
-829,-935
499,110
-858,49
238,601
-104,629
-93,316
-555,-173
516,-149
-722,898
841,-803
-885,73
-108,905
-371,-303
867,299
928,-331
-638,-982
-760,849
-709,4
79,328
-767,20
379,-529
-267,186
216,342
209,-516
-271,-151
-801,-478
819,-721
921,-959
884,-413
-499,247
-919,764
514,567
-802,-991
6,838
-53,425
787,29
-484,-954
-573,771
578,-909
-41,-746
204,-537
-1000,772
-565,704
-416,138
-546,526
-180,-376
-732,380
-839,-606
87,-179
357,-186
-359,-640
-715,-923
691,-101
835,894
573,-901
-432,-367
-66,-463
505,688
-451,275
-1,678
-612,-705
-595,-354
393,-488
-422,535
997,235
-248,177
757,560
-25,-719
-421,-237
102,-692
-837,-454
383,-92
136,-427
937,966
895,-185
-335,669
-979,-294
-230,-402
68,-238
481,173
-686,422
-516,-50
671,110
-925,-65
64,83
-932,-257
179,188
-763,-802
578,383
-812,787
770,-581
-854,-5
176,-713
390,-236
-390,222
-561,-936
-379,20
471,-466
-204,-400
430,801
62,519
57,841
-400,-372
229,-217
-872,208
824,-97
-621,819
-994,312
296,-547
-290,802
904,716
-555,627
-808,471
-41,134
-729,906
191,-839
758,345
-386,680
-205,-988
-222,646
18,-172
-88,-792
238,-158
179,-742
-151,-336
-129,191
950,-351
780,882
417,-598
999,-863
296,-611
474,226
-278,-867
513,81
962,-504
693,-875
-548,296
-18,639
-442,-824
796,-553
437,-37
-666,112
558,667
-669,57
-68,-248
-364,339
-794,314
3,278
-709,-693
-191,465
792,-389
-680,-689
-643,-435
-651,-252
256,-891
66,271
342,616
92,538
328,793
797,69
301,927
-686,-922
989,576
-29,436
-697,878
823,149
-708,254
852,57
149,900
559,189
195,432
-329,253
993,-381
-544,-321
-178,386
-237,-829
372,577
645,517
652,-547
844,392
516,801
-792,56
463,512
-487,-311
206,382
783,-502
349,-54
-515,-326
571,491
-62,722
-789,422
-52,-711
827,-398
-144,-33
-643,572
59,488
335,2
510,569
-135,-781
700,-899
-912,162
688,-164
871,955
-838,-190
-439,-279
705,835
-97,803
571,22
-948,-521
117,275
7,27
367,459
-402,-801
776,-728
-230,-446
255,-460
-993,703
-237,566
779,9
204,-865
670,258
-154,594
807,728
-592,714
